#
# TABLE STRUCTURE FOR: club_table
#

DROP TABLE IF EXISTS `club_table`;

CREATE TABLE `club_table` (
  `clubID` int(11) NOT NULL AUTO_INCREMENT,
  `name` varchar(40) COLLATE utf8mb4_unicode_ci NOT NULL,
  `category` text COLLATE utf8mb4_unicode_ci NOT NULL,
  `bio` text COLLATE utf8mb4_unicode_ci NOT NULL,
  `contact` text COLLATE utf8mb4_unicode_ci NOT NULL,
  `clubPhoto` varchar(50) COLLATE utf8mb4_unicode_ci NOT NULL,
  PRIMARY KEY (`clubID`)
) ENGINE=InnoDB AUTO_INCREMENT=101 DEFAULT CHARSET=utf8mb4 COLLATE=utf8mb4_unicode_ci;

INSERT INTO `club_table` (`clubID`, `name`, `category`, `bio`, `contact`, `clubPhoto`) VALUES (1, 'architecto', '', 'Corporis in voluptas corporis eos itaque. Dolor qui voluptatibus voluptatem quam sit eveniet quia. Laudantium eveniet repellendus voluptatem eius quia illum non.', '(752)549-9879x154', '/ce4f81f9fb6d26825cc0badf47a81162.jpg');
INSERT INTO `club_table` (`clubID`, `name`, `category`, `bio`, `contact`, `clubPhoto`) VALUES (2, 'quia', '', 'Odio quibusdam repellat voluptate magni nihil omnis. Non ipsum quia id. Dolorem odit inventore eum esse expedita ea soluta. Ratione laborum iste non maiores.', '(000)538-4044x89371', '');
INSERT INTO `club_table` (`clubID`, `name`, `category`, `bio`, `contact`, `clubPhoto`) VALUES (3, 'modi', '', '', '(279)375-6384x967', '');
INSERT INTO `club_table` (`clubID`, `name`, `category`, `bio`, `contact`, `clubPhoto`) VALUES (4, 'et', '', 'Molestiae modi qui placeat animi. Nihil nobis animi sit eligendi non eos quam. Maiores nostrum ut nulla dolores et qui delectus.', '395.116.9260x2950', '');
INSERT INTO `club_table` (`clubID`, `name`, `category`, `bio`, `contact`, `clubPhoto`) VALUES (5, 'rem', '', '', '641.883.7802x29617', '/bef96d6d24b012490728dff6eb4c85da.jpg');
INSERT INTO `club_table` (`clubID`, `name`, `category`, `bio`, `contact`, `clubPhoto`) VALUES (6, 'est', '', 'Et in dolore quis praesentium blanditiis. Consequuntur harum quia sunt repellat. Fuga voluptas ipsa voluptatibus quod fugiat. Eveniet harum voluptatibus eligendi.', '(763)024-7422', '/26cbe7bd51065465a38d16d1d126ebef.jpg');
INSERT INTO `club_table` (`clubID`, `name`, `category`, `bio`, `contact`, `clubPhoto`) VALUES (7, 'perferendis', '', '', '+12(2)5196656627', '/7a5da9b2ec3adbf0a3bea86a09558530.jpg');
INSERT INTO `club_table` (`clubID`, `name`, `category`, `bio`, `contact`, `clubPhoto`) VALUES (8, 'natus', '', '', '1-282-336-1180x896', '');
INSERT INTO `club_table` (`clubID`, `name`, `category`, `bio`, `contact`, `clubPhoto`) VALUES (9, 'beatae', '', 'Voluptatem reiciendis est rem. Sit soluta rerum sequi est sit. Magni tempora neque aspernatur voluptas. Architecto placeat omnis quas officiis illo.', '(805)804-2415x792', '/035bcbc7c4388054d53a13ff344b7c01.jpg');
INSERT INTO `club_table` (`clubID`, `name`, `category`, `bio`, `contact`, `clubPhoto`) VALUES (10, 'doloremque', '', 'Sunt id et ut veritatis quas voluptatibus. Similique natus hic ea quo eveniet magni vel. Omnis ex explicabo quod qui qui.', '+11(3)6562575054', '/a0f6f4ea52da0021a40b5a2cf7975269.jpg');
INSERT INTO `club_table` (`clubID`, `name`, `category`, `bio`, `contact`, `clubPhoto`) VALUES (11, 'temporibus', '', 'Ut atque nam ea. Non labore et repellendus harum. Alias error modi veritatis omnis. Voluptatibus sed sed et voluptatibus at odit.', '1-565-422-7114x32574', '');
INSERT INTO `club_table` (`clubID`, `name`, `category`, `bio`, `contact`, `clubPhoto`) VALUES (12, 'voluptas', '', 'Adipisci laborum quis nihil molestiae corrupti. Dolorem rerum et necessitatibus quis dicta. Impedit rerum fugiat a quaerat tenetur.', '935.967.4197', '/12934c5401bbb78bdfdde8c629197fae.jpg');
INSERT INTO `club_table` (`clubID`, `name`, `category`, `bio`, `contact`, `clubPhoto`) VALUES (13, 'laudantium', '', '', '1-213-422-6163', '/2f0156186d892b44ec6e4d8d9a829c22.jpg');
INSERT INTO `club_table` (`clubID`, `name`, `category`, `bio`, `contact`, `clubPhoto`) VALUES (14, 'possimus', '', 'Qui vel dolores laborum cumque nobis aut similique. Quia sit et est tempore exercitationem sequi. Molestiae distinctio eligendi natus excepturi in in fuga eligendi.', '(386)320-1877x70033', '');
INSERT INTO `club_table` (`clubID`, `name`, `category`, `bio`, `contact`, `clubPhoto`) VALUES (15, 'at', '', '', '1-431-153-8822x46736', '');
INSERT INTO `club_table` (`clubID`, `name`, `category`, `bio`, `contact`, `clubPhoto`) VALUES (16, 'magnam', '', '', '062-803-8313x41667', '');
INSERT INTO `club_table` (`clubID`, `name`, `category`, `bio`, `contact`, `clubPhoto`) VALUES (17, 'provident', '', '', '1-585-751-7924x344', '');
INSERT INTO `club_table` (`clubID`, `name`, `category`, `bio`, `contact`, `clubPhoto`) VALUES (18, 'illum', '', 'Rerum labore suscipit aperiam. Sed voluptatibus dolor nemo et iste soluta quo fugit. Repellat occaecati id voluptas voluptatum.', '631.395.6618', '');
INSERT INTO `club_table` (`clubID`, `name`, `category`, `bio`, `contact`, `clubPhoto`) VALUES (19, 'dolores', '', 'Maxime ut quo nisi amet. Minima delectus quidem commodi quaerat quae. Hic esse dolorem voluptatem. Eos repellat rerum iure ea enim ducimus.', '(925)346-1435x4909', '');
INSERT INTO `club_table` (`clubID`, `name`, `category`, `bio`, `contact`, `clubPhoto`) VALUES (20, 'a', '', '', '463.206.9908x12812', '');
INSERT INTO `club_table` (`clubID`, `name`, `category`, `bio`, `contact`, `clubPhoto`) VALUES (21, 'consequatur', '', 'Animi illum natus cumque atque officia. Distinctio necessitatibus aspernatur qui. Quis laborum et quidem quidem.', '(562)263-8355x40970', '');
INSERT INTO `club_table` (`clubID`, `name`, `category`, `bio`, `contact`, `clubPhoto`) VALUES (22, 'labore', '', 'Nostrum autem voluptas eligendi ut. Officiis excepturi vero repellendus provident. Aut ratione non earum dolorem nam et. Sint laboriosam aut sunt molestiae quia aut. Mollitia saepe et eaque.', '(293)029-1945x6151', '');
INSERT INTO `club_table` (`clubID`, `name`, `category`, `bio`, `contact`, `clubPhoto`) VALUES (23, 'aut', '', '', '1-538-697-1525', '/2d6f0e8ed41b0995c720de50425561ef.jpg');
INSERT INTO `club_table` (`clubID`, `name`, `category`, `bio`, `contact`, `clubPhoto`) VALUES (24, 'molestias', '', 'Neque quo quia tempore aut soluta et. Aut modi ex dolor tempora excepturi soluta. Vel occaecati dolorem voluptas possimus similique voluptatem. Et necessitatibus facilis sit quia accusamus.', '1-116-880-5124x899', '');
INSERT INTO `club_table` (`clubID`, `name`, `category`, `bio`, `contact`, `clubPhoto`) VALUES (25, 'expedita', '', 'Blanditiis eos quae sint a sed. Est molestias ut et. Aperiam esse omnis laudantium quibusdam molestiae qui. Qui illum tenetur odit voluptas.', '676.061.3397x90182', '');
INSERT INTO `club_table` (`clubID`, `name`, `category`, `bio`, `contact`, `clubPhoto`) VALUES (26, 'quasi', '', '', '1-272-053-4491', '');
INSERT INTO `club_table` (`clubID`, `name`, `category`, `bio`, `contact`, `clubPhoto`) VALUES (27, 'cum', '', 'Eaque et saepe aperiam eveniet sed exercitationem veniam. Iure voluptatem occaecati tempora earum.', '+81(6)6482360371', '/eda14473f1576d27ca3632e027c1fd90.jpg');
INSERT INTO `club_table` (`clubID`, `name`, `category`, `bio`, `contact`, `clubPhoto`) VALUES (28, 'culpa', '', '', '1-595-452-1613x63683', '');
INSERT INTO `club_table` (`clubID`, `name`, `category`, `bio`, `contact`, `clubPhoto`) VALUES (29, 'rerum', '', '', '551.522.5840x29359', '/ddf183f7c50aaecc506825fb53f701d3.jpg');
INSERT INTO `club_table` (`clubID`, `name`, `category`, `bio`, `contact`, `clubPhoto`) VALUES (30, 'facere', '', '', '398.670.6329', '/c07b0585dc6346c7d175ffd21ef51729.jpg');
INSERT INTO `club_table` (`clubID`, `name`, `category`, `bio`, `contact`, `clubPhoto`) VALUES (31, 'repudiandae', '', '', '1-804-288-1935x4446', '/21f3996753fbd03962c5f2e1a6ebca23.jpg');
INSERT INTO `club_table` (`clubID`, `name`, `category`, `bio`, `contact`, `clubPhoto`) VALUES (32, 'porro', '', 'Aut eius asperiores quaerat quae minima accusantium. Laborum quo eos velit iusto sequi. Sunt voluptatem unde natus.', '962-966-7264x5027', '/8907ec62aade117f6bc143bc164dc2ae.jpg');
INSERT INTO `club_table` (`clubID`, `name`, `category`, `bio`, `contact`, `clubPhoto`) VALUES (33, 'incidunt', '', 'Fugiat rerum alias ea rem dolorem sint earum nulla. Quis nihil aut qui. Temporibus est maiores voluptatem atque accusantium mollitia. Incidunt corporis quaerat minus.', '1-201-129-7682x856', '/9533770d186fcf914629a98ca62892df.jpg');
INSERT INTO `club_table` (`clubID`, `name`, `category`, `bio`, `contact`, `clubPhoto`) VALUES (34, 'reiciendis', '', 'Tempora facilis non quo eaque illum. Perferendis quos consequatur accusamus doloribus voluptate recusandae non.', '293.900.0659x253', '/1508ce406ae687f017f5d4a728a1bc02.jpg');
INSERT INTO `club_table` (`clubID`, `name`, `category`, `bio`, `contact`, `clubPhoto`) VALUES (35, 'ut', '', '', '1-308-152-3106x010', '/f9759198fb72bef30834e8908e0d9926.jpg');
INSERT INTO `club_table` (`clubID`, `name`, `category`, `bio`, `contact`, `clubPhoto`) VALUES (36, 'voluptatem', '', '', '491.318.9350x178', '');
INSERT INTO `club_table` (`clubID`, `name`, `category`, `bio`, `contact`, `clubPhoto`) VALUES (37, 'alias', '', 'Nesciunt optio asperiores non ab. Possimus quasi adipisci natus sint enim odit aut quo.\nCupiditate et illum ut. Ea eum aspernatur quas dolorem optio qui.', '07750605468', '');
INSERT INTO `club_table` (`clubID`, `name`, `category`, `bio`, `contact`, `clubPhoto`) VALUES (38, 'maxime', '', 'Blanditiis sunt laudantium quis et quaerat excepturi dolore dolor. Hic accusamus suscipit non neque mollitia. Impedit corporis quis sit magni quia modi. Nam iste sed repellat quaerat eos nam qui.', '693.072.9441x356', '');
INSERT INTO `club_table` (`clubID`, `name`, `category`, `bio`, `contact`, `clubPhoto`) VALUES (39, 'sunt', '', '', '(665)727-5456', '/2601a0a420a44516f629cc650cbfaa7d.jpg');
INSERT INTO `club_table` (`clubID`, `name`, `category`, `bio`, `contact`, `clubPhoto`) VALUES (40, 'hic', '', 'Voluptas aperiam inventore sunt consequuntur. Sit a non quo eum fugit illo excepturi cum. Totam aut id fugiat facilis blanditiis ullam adipisci. Sint aut ad non voluptate vitae quia ut.', '1-322-996-0494', '/5d9ebf78cef1f3d8cc97bc385780c894.jpg');
INSERT INTO `club_table` (`clubID`, `name`, `category`, `bio`, `contact`, `clubPhoto`) VALUES (41, 'doloribus', '', '', '(293)672-5818x979', '/71a087167864b504482de9bec8c0267c.jpg');
INSERT INTO `club_table` (`clubID`, `name`, `category`, `bio`, `contact`, `clubPhoto`) VALUES (42, 'earum', '', 'Nihil eveniet voluptatum eius voluptate occaecati consequatur ipsum. Suscipit beatae pariatur nemo aut enim est quia.\nPlaceat quo aut eos porro. Minus quasi fugiat aut.', '783-208-2883', '');
INSERT INTO `club_table` (`clubID`, `name`, `category`, `bio`, `contact`, `clubPhoto`) VALUES (43, 'dolore', '', '', '1-829-830-8148x59080', '');
INSERT INTO `club_table` (`clubID`, `name`, `category`, `bio`, `contact`, `clubPhoto`) VALUES (44, 'reprehenderit', '', '', '1-664-248-3956x6327', '');
INSERT INTO `club_table` (`clubID`, `name`, `category`, `bio`, `contact`, `clubPhoto`) VALUES (45, 'veritatis', '', '', '1-041-192-7068', '');
INSERT INTO `club_table` (`clubID`, `name`, `category`, `bio`, `contact`, `clubPhoto`) VALUES (46, 'nihil', '', '', '481-891-3062x82601', '');
INSERT INTO `club_table` (`clubID`, `name`, `category`, `bio`, `contact`, `clubPhoto`) VALUES (47, 'placeat', '', '', '453.895.9089', '');
INSERT INTO `club_table` (`clubID`, `name`, `category`, `bio`, `contact`, `clubPhoto`) VALUES (48, 'ad', '', 'Fugiat et aut quis quos. Natus suscipit eius vero enim libero possimus in. Mollitia dolor error omnis nisi.', '955-474-7267x99270', '');
INSERT INTO `club_table` (`clubID`, `name`, `category`, `bio`, `contact`, `clubPhoto`) VALUES (49, 'eum', '', 'Optio minus inventore officia. Fugit ad quaerat incidunt ipsa accusamus. Ducimus eveniet reiciendis unde ullam ut ducimus provident consequatur.', '177-327-4063', '');
INSERT INTO `club_table` (`clubID`, `name`, `category`, `bio`, `contact`, `clubPhoto`) VALUES (50, 'eveniet', '', '', '1-173-397-3692x982', '');
INSERT INTO `club_table` (`clubID`, `name`, `category`, `bio`, `contact`, `clubPhoto`) VALUES (51, 'quibusdam', '', 'Omnis dolores eaque quia enim qui praesentium harum. Ut ut exercitationem adipisci voluptatem ut est voluptas. Quae eligendi fugit et iusto. Beatae cupiditate et nesciunt.', '709.811.7291', '/487189e88e16be63302a97784d742ae4.jpg');
INSERT INTO `club_table` (`clubID`, `name`, `category`, `bio`, `contact`, `clubPhoto`) VALUES (52, 'fuga', '', '', '+46(5)6505839100', '/df6bfb8835045f8d808250085410b861.jpg');
INSERT INTO `club_table` (`clubID`, `name`, `category`, `bio`, `contact`, `clubPhoto`) VALUES (53, 'voluptates', '', '', '(142)453-2985x394', '');
INSERT INTO `club_table` (`clubID`, `name`, `category`, `bio`, `contact`, `clubPhoto`) VALUES (54, 'voluptatum', '', 'Sint enim recusandae omnis reprehenderit vel quia dolorum. In amet illo veniam. Minima natus voluptas tempore et quia consectetur deserunt. Eum sunt commodi expedita pariatur sit non neque nihil.', '(093)011-0295x67837', '/c87dde7bed0140e37e978e9459f8510c.jpg');
INSERT INTO `club_table` (`clubID`, `name`, `category`, `bio`, `contact`, `clubPhoto`) VALUES (55, 'sequi', '', '', '+45(7)4050287382', '');
INSERT INTO `club_table` (`clubID`, `name`, `category`, `bio`, `contact`, `clubPhoto`) VALUES (56, 'explicabo', '', 'Qui voluptas rerum dolores voluptas. Aperiam deserunt omnis amet. Eius ad ut est qui incidunt deleniti. Eveniet commodi id a dicta dolores aut soluta officiis.', '198.722.3386x441', '');
INSERT INTO `club_table` (`clubID`, `name`, `category`, `bio`, `contact`, `clubPhoto`) VALUES (57, 'vitae', '', 'Optio placeat voluptas non sed non. Quia quos beatae et autem. Et aliquid quia qui porro non voluptas eveniet.', '1-177-294-9422x80704', '');
INSERT INTO `club_table` (`clubID`, `name`, `category`, `bio`, `contact`, `clubPhoto`) VALUES (58, 'accusantium', '', 'Quidem itaque ut sunt et. Velit pariatur maxime architecto. Eos quaerat distinctio nobis doloremque sed. Voluptatum magni non aliquam repudiandae assumenda repellendus dolore.', '1-380-129-8380x412', '');
INSERT INTO `club_table` (`clubID`, `name`, `category`, `bio`, `contact`, `clubPhoto`) VALUES (59, 'iste', '', 'Velit ut architecto eaque eaque maiores repellat beatae. Labore iure est optio molestiae id corporis.', '(279)207-8129x174', '');
INSERT INTO `club_table` (`clubID`, `name`, `category`, `bio`, `contact`, `clubPhoto`) VALUES (60, 'nostrum', '', 'Officiis dolore earum fugiat consequatur. Nemo veniam reiciendis nisi est iste sed occaecati aliquid. Esse placeat inventore vitae dicta amet minus fuga impedit.', '1-394-644-7172x771', '');
INSERT INTO `club_table` (`clubID`, `name`, `category`, `bio`, `contact`, `clubPhoto`) VALUES (61, 'quas', '', 'Alias voluptates et maxime harum voluptatem beatae. Eum earum maiores qui quidem. Delectus aliquam mollitia inventore amet reprehenderit aut nisi. Natus amet quod aut.', '341-545-6084', '/6682bbefb13daef50a6ec2447d128327.jpg');
INSERT INTO `club_table` (`clubID`, `name`, `category`, `bio`, `contact`, `clubPhoto`) VALUES (62, 'omnis', '', 'Dolorum beatae sit recusandae qui explicabo nobis. Rerum vel mollitia velit sapiente voluptas voluptas aliquam.', '119-966-7450x17897', '/f7a54cdceadc87eaf525c1f1c6343019.jpg');
INSERT INTO `club_table` (`clubID`, `name`, `category`, `bio`, `contact`, `clubPhoto`) VALUES (63, 'nesciunt', '', '', '1-321-255-1995x3044', '');
INSERT INTO `club_table` (`clubID`, `name`, `category`, `bio`, `contact`, `clubPhoto`) VALUES (64, 'ducimus', '', '', '+23(1)5289458859', '');
INSERT INTO `club_table` (`clubID`, `name`, `category`, `bio`, `contact`, `clubPhoto`) VALUES (65, 'libero', '', 'Deserunt inventore consequuntur quo impedit velit in sit. Error aut vitae doloribus sed enim. Unde eius consequatur quisquam fugit rerum sed quas.', '1-380-276-5696', '');
INSERT INTO `club_table` (`clubID`, `name`, `category`, `bio`, `contact`, `clubPhoto`) VALUES (66, 'nemo', '', '', '+90(3)1531269964', '');
INSERT INTO `club_table` (`clubID`, `name`, `category`, `bio`, `contact`, `clubPhoto`) VALUES (67, 'eius', '', '', '645.636.7812x0514', '/af19a53c91057188b448c743fb02af74.jpg');
INSERT INTO `club_table` (`clubID`, `name`, `category`, `bio`, `contact`, `clubPhoto`) VALUES (68, 'commodi', '', 'Dolores laudantium voluptatem in ipsum et sed vero. Beatae cum quidem quia ratione. Et est quia deserunt.', '1-694-149-5298x5486', '/ac56eb684608e3910ef4ce87a8f52125.jpg');
INSERT INTO `club_table` (`clubID`, `name`, `category`, `bio`, `contact`, `clubPhoto`) VALUES (69, 'blanditiis', '', '', '1-203-166-6430', '/7a37bdf71ddbd218dcb4df6610142493.jpg');
INSERT INTO `club_table` (`clubID`, `name`, `category`, `bio`, `contact`, `clubPhoto`) VALUES (70, 'qui', '', '', '+04(2)4293053530', '/7b7c646ad5890017e96e492daebc2f75.jpg');
INSERT INTO `club_table` (`clubID`, `name`, `category`, `bio`, `contact`, `clubPhoto`) VALUES (71, 'eligendi', '', '', '347.692.6084', '');
INSERT INTO `club_table` (`clubID`, `name`, `category`, `bio`, `contact`, `clubPhoto`) VALUES (72, 'atque', '', '', '658.629.5326x33652', '/d1fe7abbe8f9ad87d06fac69be762b41.jpg');
INSERT INTO `club_table` (`clubID`, `name`, `category`, `bio`, `contact`, `clubPhoto`) VALUES (73, 'ab', '', '', '1-350-948-9423x0507', '');
INSERT INTO `club_table` (`clubID`, `name`, `category`, `bio`, `contact`, `clubPhoto`) VALUES (74, 'pariatur', '', 'Et quae ut ut enim consequuntur est ut repudiandae. Suscipit ullam laboriosam itaque reiciendis. Facilis assumenda in voluptate saepe est aliquid.', '(795)398-1820', '/3323e69a024bca5cc4f6e7e32a902c91.jpg');
INSERT INTO `club_table` (`clubID`, `name`, `category`, `bio`, `contact`, `clubPhoto`) VALUES (75, 'facilis', '', 'Quibusdam fuga temporibus aut consequuntur fuga. Qui et deleniti expedita debitis error cupiditate. Soluta similique tempore voluptate non. Est adipisci sequi qui ipsa incidunt est eligendi dolor.', '(556)517-9025', '/a32bd818d553596fae54d5ea7ec954f1.jpg');
INSERT INTO `club_table` (`clubID`, `name`, `category`, `bio`, `contact`, `clubPhoto`) VALUES (76, 'aspernatur', '', 'Nulla voluptatem consequuntur odit suscipit quisquam illo. Excepturi sunt molestias non et. Eius impedit placeat tempora consequatur. Illum et inventore eos nihil eum consequuntur.', '879.404.7598x65017', '');
INSERT INTO `club_table` (`clubID`, `name`, `category`, `bio`, `contact`, `clubPhoto`) VALUES (77, 'repellendus', '', 'Minima rerum culpa et excepturi deleniti. Quibusdam sed vero aspernatur consequuntur. Enim aspernatur quia ut qui ad temporibus sed facilis.', '622-033-2779', '');
INSERT INTO `club_table` (`clubID`, `name`, `category`, `bio`, `contact`, `clubPhoto`) VALUES (78, 'fugit', '', 'Quod reiciendis aperiam eaque. Odio nesciunt nisi in. Commodi pariatur magni impedit.', '690.296.8320x167', '');
INSERT INTO `club_table` (`clubID`, `name`, `category`, `bio`, `contact`, `clubPhoto`) VALUES (79, 'molestiae', '', '', '+16(4)6178585948', '/2c20bdceb17da66fe73c5790a68e8624.jpg');
INSERT INTO `club_table` (`clubID`, `name`, `category`, `bio`, `contact`, `clubPhoto`) VALUES (80, 'tempore', '', 'Adipisci et a possimus soluta eos sunt. Et iste fugiat excepturi sunt. Aut maxime voluptas et voluptate numquam aliquid. Dolore aut error aliquam et.', '(172)859-6638', '/3a85d6bed7a1f6939e43dbbf483c2c06.jpg');
INSERT INTO `club_table` (`clubID`, `name`, `category`, `bio`, `contact`, `clubPhoto`) VALUES (81, 'mollitia', '', 'Rerum pariatur assumenda nemo eum. Libero quam assumenda laboriosam non ducimus sapiente ut rerum. Provident voluptatem natus rerum ut est culpa veniam id.', '02236290852', '');
INSERT INTO `club_table` (`clubID`, `name`, `category`, `bio`, `contact`, `clubPhoto`) VALUES (82, 'consectetur', '', '', '1-651-460-9367', '');
INSERT INTO `club_table` (`clubID`, `name`, `category`, `bio`, `contact`, `clubPhoto`) VALUES (83, 'saepe', '', '', '(552)973-1322', '');
INSERT INTO `club_table` (`clubID`, `name`, `category`, `bio`, `contact`, `clubPhoto`) VALUES (84, 'iure', '', '', '(491)003-8345x0553', '/d16f3f61f05b2d7cb22d0c76de459a06.jpg');
INSERT INTO `club_table` (`clubID`, `name`, `category`, `bio`, `contact`, `clubPhoto`) VALUES (85, 'perspiciatis', '', 'Mollitia ut ducimus eligendi dolores dolores mollitia. Fuga sit delectus ad corrupti. Consequatur consequatur vitae aperiam tenetur libero.', '1-514-084-5457x1345', '');
INSERT INTO `club_table` (`clubID`, `name`, `category`, `bio`, `contact`, `clubPhoto`) VALUES (86, 'quos', '', '', '1-280-709-0256', '/55709c1786737548b5f447a228966da7.jpg');
INSERT INTO `club_table` (`clubID`, `name`, `category`, `bio`, `contact`, `clubPhoto`) VALUES (87, 'non', '', 'Ad sequi et iste esse dolore neque rerum. Pariatur eos pariatur dicta qui. Suscipit earum dolorum ipsum.', '+51(3)1638448067', '');
INSERT INTO `club_table` (`clubID`, `name`, `category`, `bio`, `contact`, `clubPhoto`) VALUES (88, 'quae', '', 'Corrupti voluptas quas assumenda ipsam et et ducimus. Vel quod sunt corporis sit necessitatibus aut sit. Aut magni voluptatem pariatur ad inventore non vel.', '(449)062-8792', '');
INSERT INTO `club_table` (`clubID`, `name`, `category`, `bio`, `contact`, `clubPhoto`) VALUES (89, 'minima', '', 'Officiis vel itaque non voluptate qui. Sed necessitatibus sed aut dolorem cum et. Consequatur non consequatur dolorem labore sed.', '1-415-214-5349x337', '');
INSERT INTO `club_table` (`clubID`, `name`, `category`, `bio`, `contact`, `clubPhoto`) VALUES (90, 'consequuntur', '', '', '(186)122-4086', '/38173c6337ad76df551feee0646d11cb.jpg');
INSERT INTO `club_table` (`clubID`, `name`, `category`, `bio`, `contact`, `clubPhoto`) VALUES (91, 'cupiditate', '', 'Animi rerum totam aut quis. Rem sint cum molestiae enim porro. Officia esse doloribus culpa qui modi numquam. Voluptatem fuga impedit et molestiae tempore dolorum praesentium.', '1-692-611-2475', '');
INSERT INTO `club_table` (`clubID`, `name`, `category`, `bio`, `contact`, `clubPhoto`) VALUES (92, 'dignissimos', '', '', '(069)132-0673x28805', '');
INSERT INTO `club_table` (`clubID`, `name`, `category`, `bio`, `contact`, `clubPhoto`) VALUES (93, 'enim', '', 'Perferendis id voluptatum assumenda libero minima. Dignissimos incidunt quia maiores mollitia voluptatem voluptate mollitia nobis. Doloremque eligendi et id nam. Accusamus aut optio assumenda qui.', '(783)079-4137', '');
INSERT INTO `club_table` (`clubID`, `name`, `category`, `bio`, `contact`, `clubPhoto`) VALUES (94, 'velit', '', '', '+99(9)5330586620', '');
INSERT INTO `club_table` (`clubID`, `name`, `category`, `bio`, `contact`, `clubPhoto`) VALUES (95, 'asperiores', '', 'At voluptatem et aut. Ea et pariatur enim dolores omnis eveniet repellat. Ut quis fuga est voluptatem est ab voluptatem.', '(373)761-6169', '/270bf30aa977353e8c582ef55b23c396.jpg');
INSERT INTO `club_table` (`clubID`, `name`, `category`, `bio`, `contact`, `clubPhoto`) VALUES (96, 'dicta', '', '', '01465071254', '/cb2dd8b8b7ff24789fe3562426c30135.jpg');
INSERT INTO `club_table` (`clubID`, `name`, `category`, `bio`, `contact`, `clubPhoto`) VALUES (97, 'nam', '', 'Dolorem quae necessitatibus eum quas optio quo. Sequi ipsam nesciunt quia repellendus ullam nostrum. Et qui totam alias maiores dicta nisi officia id.', '+77(2)5511111299', '');
INSERT INTO `club_table` (`clubID`, `name`, `category`, `bio`, `contact`, `clubPhoto`) VALUES (98, 'in', '', '', '400.009.7180', '');
INSERT INTO `club_table` (`clubID`, `name`, `category`, `bio`, `contact`, `clubPhoto`) VALUES (99, 'sed', '', 'Assumenda tenetur excepturi sed culpa dolorum sunt. Ut dolorem consequatur voluptas. Repellat veritatis accusamus doloremque quos.', '+05(6)2642919905', '');
INSERT INTO `club_table` (`clubID`, `name`, `category`, `bio`, `contact`, `clubPhoto`) VALUES (100, 'deleniti', '', '', '(696)707-9065x20430', '/2c67906ac55ee562d94da3be09747a60.jpg');


#
# TABLE STRUCTURE FOR: event_table
#

DROP TABLE IF EXISTS `event_table`;

CREATE TABLE `event_table` (
  `eventID` int(11) NOT NULL AUTO_INCREMENT,
  `clubID` int(11) NOT NULL,
  `title` varchar(50) COLLATE utf8mb4_unicode_ci NOT NULL,
  `description` text COLLATE utf8mb4_unicode_ci NOT NULL,
  `date` date NOT NULL,
  `time` varchar(20) COLLATE utf8mb4_unicode_ci NOT NULL,
  PRIMARY KEY (`eventID`),
  KEY `clubEvent_foreignKey` (`clubID`),
  CONSTRAINT `clubEvent_foreignKey` FOREIGN KEY (`clubID`) REFERENCES `club_table` (`clubID`) ON DELETE CASCADE ON UPDATE CASCADE
) ENGINE=InnoDB AUTO_INCREMENT=101 DEFAULT CHARSET=utf8mb4 COLLATE=utf8mb4_unicode_ci;

INSERT INTO `event_table` (`eventID`, `clubID`, `title`, `description`, `date`, `time`) VALUES (1, 30, 'Iste perspiciatis laudantium provident.', 'A aut eos ipsam occaecati tempora ducimus et. Dolores soluta incidunt iusto et reiciendis. Pariatur magnam quo esse at. Aperiam et alias in quas eaque sunt assumenda.', '2004-09-01', '04:53:50');
INSERT INTO `event_table` (`eventID`, `clubID`, `title`, `description`, `date`, `time`) VALUES (2, 68, 'Maxime nam harum et a qui modi earum molestias.', 'Voluptas repellendus ab quibusdam occaecati. Non porro aliquam ut eos. Atque vel non suscipit quos aperiam nulla. Dolores earum magnam sed quis officia praesentium sit aut.', '2006-09-22', '05:12:41');
INSERT INTO `event_table` (`eventID`, `clubID`, `title`, `description`, `date`, `time`) VALUES (3, 52, 'Aut provident cumque qui necessitatibus quo tempor', 'Qui nihil eligendi harum maxime aut. Aliquid aliquam aut ullam aspernatur quaerat aperiam quo. Dignissimos est hic voluptas ullam nobis vero. Tempore iusto earum praesentium officia.', '2007-09-28', '22:40:51');
INSERT INTO `event_table` (`eventID`, `clubID`, `title`, `description`, `date`, `time`) VALUES (4, 87, 'Quos magni illo et dolorem placeat qui.', 'Et nesciunt iste illum culpa ut et doloremque. Possimus animi veniam facilis eligendi quia aut id. Est repudiandae omnis expedita mollitia et aliquid. Iste voluptatem nulla cum optio.', '2004-09-03', '13:09:47');
INSERT INTO `event_table` (`eventID`, `clubID`, `title`, `description`, `date`, `time`) VALUES (5, 12, 'Consectetur amet culpa ut ducimus qui.', 'Est necessitatibus et ipsam maiores et et veritatis. Qui soluta tempora sint molestiae non est. Voluptatem facere et sed blanditiis sunt dolorem id exercitationem. Ex ut vel aut accusamus nobis voluptatem tempore. Repellendus omnis voluptatum neque aut ut voluptates vel.', '1971-06-10', '00:12:16');
INSERT INTO `event_table` (`eventID`, `clubID`, `title`, `description`, `date`, `time`) VALUES (6, 19, 'Quis et voluptatibus qui laboriosam sint ut.', 'Eveniet ratione accusantium optio. Ipsum officia fugit assumenda sunt voluptatem maxime tenetur.', '1989-08-22', '18:27:25');
INSERT INTO `event_table` (`eventID`, `clubID`, `title`, `description`, `date`, `time`) VALUES (7, 41, 'Animi mollitia consequuntur porro velit aliquid mo', 'Totam dolorem molestiae aliquam laborum quia debitis. Sed ab amet vel exercitationem. Et quidem reiciendis dolor ullam aut aliquid. Blanditiis et natus et dolorum.', '2010-01-13', '15:00:47');
INSERT INTO `event_table` (`eventID`, `clubID`, `title`, `description`, `date`, `time`) VALUES (8, 90, 'Quos odit placeat qui est.', 'Veniam aut et amet non maxime quasi sint. A commodi in omnis consequatur quis. Aut ea est atque. Iste voluptas minus doloribus est.', '2016-07-07', '06:50:45');
INSERT INTO `event_table` (`eventID`, `clubID`, `title`, `description`, `date`, `time`) VALUES (9, 46, 'Quisquam eum dolore cupiditate fugit pariatur vel ', 'Aut omnis magni sit est. Possimus earum porro nihil impedit dolor eos. Facilis officiis vel tenetur ipsum voluptatem enim sapiente.', '1983-11-10', '03:42:45');
INSERT INTO `event_table` (`eventID`, `clubID`, `title`, `description`, `date`, `time`) VALUES (10, 2, 'Officiis sed velit non error soluta.', 'Vero ea nihil sed libero. Laboriosam animi omnis voluptates eos vel unde omnis nihil. Repellat officiis temporibus minus quis.', '1976-07-24', '11:51:02');
INSERT INTO `event_table` (`eventID`, `clubID`, `title`, `description`, `date`, `time`) VALUES (11, 12, 'Error velit dignissimos rem sunt illo.', 'Doloribus reiciendis molestias ratione natus iure. Deserunt qui velit asperiores accusamus rerum in. Voluptas veniam distinctio id libero aspernatur quasi et.', '2012-05-16', '12:43:23');
INSERT INTO `event_table` (`eventID`, `clubID`, `title`, `description`, `date`, `time`) VALUES (12, 21, 'Aut minima veniam non corrupti eaque illum et.', 'Sed molestias et quaerat sapiente. Quod quaerat dicta similique ut sunt. Alias asperiores nulla quia eos ut illo. Totam tempora ipsum ducimus deserunt dolorem id. Molestiae aspernatur eum dolor dolorem expedita perspiciatis repellat.', '2015-06-18', '23:46:32');
INSERT INTO `event_table` (`eventID`, `clubID`, `title`, `description`, `date`, `time`) VALUES (13, 88, 'Vero delectus magni molestias ut.', 'Alias explicabo incidunt dolorem nisi. Et doloremque rem fuga ducimus. Molestiae quia odio aut hic et mollitia. Cumque natus cumque sed facere sed sed et.', '2002-01-24', '13:49:59');
INSERT INTO `event_table` (`eventID`, `clubID`, `title`, `description`, `date`, `time`) VALUES (14, 14, 'Ducimus tempore in quo aut assumenda consectetur s', 'Quis voluptas et eos dicta facere cupiditate adipisci. Voluptate recusandae quam est et voluptatem. Laboriosam deserunt tenetur a reprehenderit eveniet. Et velit nihil incidunt voluptatem.', '2020-12-19', '21:05:03');
INSERT INTO `event_table` (`eventID`, `clubID`, `title`, `description`, `date`, `time`) VALUES (15, 20, 'Ut et ipsum officia facilis qui.', 'Sequi dolorem reiciendis rem repudiandae cupiditate quia ea. Rerum magni rem autem. Aut labore sunt architecto cum corporis eligendi. Debitis veritatis impedit tempora.', '2011-12-09', '04:56:04');
INSERT INTO `event_table` (`eventID`, `clubID`, `title`, `description`, `date`, `time`) VALUES (16, 69, 'Aut eaque voluptatibus et est est ut ad.', 'Dolor occaecati magni at aspernatur sit ea nihil. Nihil labore eaque et ut. Voluptatum quis vel expedita deleniti nesciunt quia labore.', '2002-11-18', '03:08:05');
INSERT INTO `event_table` (`eventID`, `clubID`, `title`, `description`, `date`, `time`) VALUES (17, 91, 'Est ipsam aut laboriosam animi possimus.', 'Qui dignissimos quae beatae recusandae est et dicta quos. Similique quidem odio voluptatem harum quis. Vel enim ut velit sed iure autem nisi. Consequuntur dicta voluptatem voluptatibus iusto sed molestias in. Quis sit quas ducimus enim officiis libero.', '1996-10-01', '21:16:35');
INSERT INTO `event_table` (`eventID`, `clubID`, `title`, `description`, `date`, `time`) VALUES (18, 84, 'Dolores numquam sunt ut et deserunt.', 'Quia ut quisquam maxime rem dolores laudantium. Earum quia commodi aut dolore dolores eos ipsam adipisci. Minus at qui ipsum et.', '2005-04-28', '19:39:29');
INSERT INTO `event_table` (`eventID`, `clubID`, `title`, `description`, `date`, `time`) VALUES (19, 62, 'Voluptatem aut totam doloribus est in eos pariatur', 'Consequatur voluptatem a et veritatis quaerat voluptates. Maxime expedita aut qui delectus in. Aut voluptate ratione assumenda.', '1978-05-22', '19:01:54');
INSERT INTO `event_table` (`eventID`, `clubID`, `title`, `description`, `date`, `time`) VALUES (20, 89, 'Accusantium quo in ducimus dolorum ipsum atque inv', 'Eum ut itaque sed ea velit repellat. Dolore soluta labore et numquam quod dolores itaque. Natus unde ut sunt deserunt. Veritatis occaecati in in error.', '2019-12-18', '13:01:27');
INSERT INTO `event_table` (`eventID`, `clubID`, `title`, `description`, `date`, `time`) VALUES (21, 31, 'Amet aperiam fugit iure minima quam dignissimos do', 'Ut sint aut corporis voluptas voluptas. Molestiae natus omnis repellat omnis est. Aut minima suscipit quo illum nihil dolorem.', '2017-04-03', '19:37:50');
INSERT INTO `event_table` (`eventID`, `clubID`, `title`, `description`, `date`, `time`) VALUES (22, 9, 'Eligendi ab rerum odit laboriosam mollitia sunt.', 'Dolor aspernatur eius et beatae. Quos ad voluptatum voluptatibus sunt pariatur cupiditate. Ducimus totam quo sunt quia ducimus dolor omnis. Modi hic eum autem est qui qui est aspernatur.', '2008-07-03', '11:54:43');
INSERT INTO `event_table` (`eventID`, `clubID`, `title`, `description`, `date`, `time`) VALUES (23, 78, 'Ex debitis ut voluptate.', 'Voluptatum consequuntur voluptatem et minus occaecati. Et et incidunt rerum. Quidem cum corrupti vel. Pariatur fugit expedita vitae sit deleniti consequatur. Sit et cupiditate perferendis velit consequuntur autem.', '1993-04-15', '09:41:30');
INSERT INTO `event_table` (`eventID`, `clubID`, `title`, `description`, `date`, `time`) VALUES (24, 29, 'Qui assumenda tempora sed dicta quia voluptas.', 'Ducimus perspiciatis cum minus quod quidem et eligendi quia. Corporis fugit ab maiores nisi nobis. Ut necessitatibus rerum qui laboriosam.', '2010-03-01', '16:25:33');
INSERT INTO `event_table` (`eventID`, `clubID`, `title`, `description`, `date`, `time`) VALUES (25, 6, 'Qui saepe optio quo aliquid.', 'Voluptates voluptatem commodi voluptas. Amet voluptas quia sunt quaerat expedita. Distinctio pariatur voluptatem praesentium ut tempore autem corrupti.', '1996-02-19', '19:02:28');
INSERT INTO `event_table` (`eventID`, `clubID`, `title`, `description`, `date`, `time`) VALUES (26, 40, 'Quasi ullam qui sunt deserunt consequatur aliquid ', 'Doloribus ex fugiat quis rem voluptatem et iure sequi. Eum eligendi voluptatem et similique eos qui. Sed non voluptas ullam placeat sint. Optio molestiae atque voluptas rerum omnis sunt quo.', '2007-12-31', '06:47:18');
INSERT INTO `event_table` (`eventID`, `clubID`, `title`, `description`, `date`, `time`) VALUES (27, 88, 'Doloribus possimus sapiente et temporibus voluptat', 'Omnis quaerat consequatur minima totam molestiae occaecati velit. Consequuntur et omnis exercitationem placeat occaecati nostrum. Et quod possimus ut excepturi ullam. Quo quaerat error dolores et.', '1985-03-30', '01:50:25');
INSERT INTO `event_table` (`eventID`, `clubID`, `title`, `description`, `date`, `time`) VALUES (28, 53, 'Labore omnis non minima.', 'Ut praesentium rerum ex non. Voluptas facilis occaecati sapiente optio reprehenderit iste. Nam fuga nihil nisi et et. Ad facere soluta nostrum.', '2000-07-31', '01:16:06');
INSERT INTO `event_table` (`eventID`, `clubID`, `title`, `description`, `date`, `time`) VALUES (29, 60, 'Temporibus facere quia minima vel porro sint vero.', 'Corrupti qui quaerat sit qui earum maxime. Aperiam perferendis non maiores dolores aspernatur. Et iusto veniam vero aut eveniet. Vitae est soluta voluptate similique id ducimus quo.', '1982-08-31', '23:12:46');
INSERT INTO `event_table` (`eventID`, `clubID`, `title`, `description`, `date`, `time`) VALUES (30, 32, 'Eligendi repellendus laudantium harum ipsa quis.', 'Ut sunt fuga dolore laudantium dicta. Eligendi voluptatem assumenda occaecati error. Voluptas suscipit distinctio culpa pariatur aut quia sequi.', '1976-03-14', '05:23:17');
INSERT INTO `event_table` (`eventID`, `clubID`, `title`, `description`, `date`, `time`) VALUES (31, 89, 'Necessitatibus quam error itaque saepe totam iusto', 'Perferendis non non quia maiores illo doloribus eveniet. Praesentium enim laboriosam ab aspernatur aut repudiandae fugiat. Accusantium veniam molestias ut quisquam excepturi exercitationem molestiae quis. Inventore tempora modi sit architecto rerum.', '1995-01-28', '07:25:52');
INSERT INTO `event_table` (`eventID`, `clubID`, `title`, `description`, `date`, `time`) VALUES (32, 5, 'Facere dignissimos itaque velit et.', 'Et ea quia adipisci distinctio et. Debitis aliquam inventore repudiandae et. Suscipit labore quo non provident vel nihil. Velit et architecto aperiam et. Error sed animi illo modi dolor.', '1992-11-29', '10:44:25');
INSERT INTO `event_table` (`eventID`, `clubID`, `title`, `description`, `date`, `time`) VALUES (33, 43, 'Corporis ut porro sint.', 'Architecto ab eius repudiandae iure nam. Eveniet facere unde aut et maxime dolores. Unde minus vel et.', '1974-02-06', '08:50:40');
INSERT INTO `event_table` (`eventID`, `clubID`, `title`, `description`, `date`, `time`) VALUES (34, 52, 'Necessitatibus aut dolores omnis esse dolorem.', 'Molestias perferendis molestias reiciendis esse magnam. Ut sapiente officiis quasi non tempora. Architecto qui cumque delectus alias ut.', '2004-11-19', '06:26:05');
INSERT INTO `event_table` (`eventID`, `clubID`, `title`, `description`, `date`, `time`) VALUES (35, 7, 'Enim asperiores quibusdam nihil voluptas excepturi', 'Voluptas quaerat laborum vel aliquam id magnam quidem. Assumenda provident non iste sit beatae natus perferendis aut. Rerum quae aut quis. Dolores ex et sunt amet quisquam fuga. Totam qui voluptates aut dolorem sed qui est.', '1981-06-14', '08:34:36');
INSERT INTO `event_table` (`eventID`, `clubID`, `title`, `description`, `date`, `time`) VALUES (36, 81, 'Sunt voluptate id quo nemo fuga.', 'Rerum reprehenderit rem voluptatibus voluptatem facere rerum. Consequatur a nihil aut ut delectus. Ab aperiam dolorem magni dolorum sapiente.', '1973-09-20', '20:21:48');
INSERT INTO `event_table` (`eventID`, `clubID`, `title`, `description`, `date`, `time`) VALUES (37, 47, 'Corrupti maxime et sint blanditiis sit et.', 'Itaque minus aliquid alias asperiores voluptate molestias molestias. Aut totam et a. Libero illum quam eius non explicabo eum. Quaerat eius quaerat esse quisquam deserunt quos quo.', '1982-05-05', '07:36:48');
INSERT INTO `event_table` (`eventID`, `clubID`, `title`, `description`, `date`, `time`) VALUES (38, 36, 'Ea animi libero dolore.', 'Tempore nostrum veniam velit optio corporis perspiciatis rerum. Enim quia qui aut ex. Et ea saepe quos voluptates est iure. Ut enim voluptates corporis modi.', '1984-09-07', '03:34:44');
INSERT INTO `event_table` (`eventID`, `clubID`, `title`, `description`, `date`, `time`) VALUES (39, 88, 'Reprehenderit vitae aspernatur fugit dolores.', 'Voluptatum ea et eius culpa nihil iusto nisi laborum. Sit temporibus vero qui vero facere. Eum veritatis quaerat officia eveniet qui. Laborum facere recusandae dolore dolorem et optio.', '2021-06-03', '10:11:34');
INSERT INTO `event_table` (`eventID`, `clubID`, `title`, `description`, `date`, `time`) VALUES (40, 24, 'Nesciunt quia beatae neque labore nam autem.', 'Iste aut cum harum et vitae vitae vitae. Aut aut nihil est est impedit aut saepe dolore. Et id fugit non consequatur.', '1998-01-02', '08:17:45');
INSERT INTO `event_table` (`eventID`, `clubID`, `title`, `description`, `date`, `time`) VALUES (41, 18, 'Placeat ab tenetur quia expedita consequatur bland', 'Et velit facere laboriosam. Veniam et et aut qui. Libero ab tempora quis enim quod quod.', '2007-12-10', '10:25:54');
INSERT INTO `event_table` (`eventID`, `clubID`, `title`, `description`, `date`, `time`) VALUES (42, 64, 'Amet ipsa molestiae velit atque dolorem ea sed mod', 'Voluptatem possimus sit et esse saepe omnis. Accusamus voluptatem eum et explicabo laudantium. Officiis dolor reprehenderit nulla reprehenderit voluptas incidunt.', '2008-09-11', '01:30:14');
INSERT INTO `event_table` (`eventID`, `clubID`, `title`, `description`, `date`, `time`) VALUES (43, 53, 'Eos vel quisquam voluptatum voluptas necessitatibu', 'Ad iusto officia sed et officia. Corporis et iusto soluta et sequi mollitia repellendus. Recusandae voluptas iure adipisci culpa sunt.', '1980-09-26', '12:34:52');
INSERT INTO `event_table` (`eventID`, `clubID`, `title`, `description`, `date`, `time`) VALUES (44, 11, 'Qui velit iure nisi quia ut velit.', 'Quasi ex incidunt autem asperiores. Dolorem ut ullam eum nostrum incidunt est qui. Laboriosam explicabo ab voluptatum dolorem officiis ut.', '2022-09-06', '16:44:02');
INSERT INTO `event_table` (`eventID`, `clubID`, `title`, `description`, `date`, `time`) VALUES (45, 62, 'Quasi qui eum nobis et ut occaecati neque nihil.', 'Officia expedita rerum voluptas maxime adipisci et. Cum et et qui illo animi rerum. Nobis nihil et voluptatem expedita in. Iusto aut porro qui quia hic.', '1994-12-13', '07:15:09');
INSERT INTO `event_table` (`eventID`, `clubID`, `title`, `description`, `date`, `time`) VALUES (46, 77, 'Aperiam recusandae porro ex ut reprehenderit incid', 'Explicabo modi est autem. Velit et minus maxime pariatur magni pariatur non tenetur. Id nihil qui voluptas in optio rerum ipsa. Dolorum asperiores maiores qui voluptatem.', '2017-11-04', '00:31:55');
INSERT INTO `event_table` (`eventID`, `clubID`, `title`, `description`, `date`, `time`) VALUES (47, 93, 'Dolore et est perferendis voluptatum.', 'Debitis similique at itaque cum enim. Odit enim veniam atque laudantium. Consequatur eos eveniet ipsa repudiandae.', '1997-09-26', '13:10:48');
INSERT INTO `event_table` (`eventID`, `clubID`, `title`, `description`, `date`, `time`) VALUES (48, 91, 'Voluptatibus minima adipisci aut facilis a saepe m', 'Perferendis blanditiis soluta sint. Amet quo veritatis vel excepturi quam. Tenetur dolores in voluptatem minima. Fugit culpa quia iure voluptates saepe numquam quam amet. Asperiores nihil ad qui quis.', '1999-09-07', '18:08:19');
INSERT INTO `event_table` (`eventID`, `clubID`, `title`, `description`, `date`, `time`) VALUES (49, 23, 'Quidem earum tenetur quis id.', 'Ut rerum iste dicta et culpa veniam quia. Et in qui deserunt iste qui. Velit dolores quae quam et deleniti blanditiis.', '1974-01-06', '14:02:09');
INSERT INTO `event_table` (`eventID`, `clubID`, `title`, `description`, `date`, `time`) VALUES (50, 45, 'Consequatur enim nostrum quibusdam expedita alias ', 'Nam nam voluptatibus aut fugit voluptate eos. Consequuntur dolores quibusdam dolorum. Cupiditate quis et aut occaecati labore.', '1980-01-17', '06:47:40');
INSERT INTO `event_table` (`eventID`, `clubID`, `title`, `description`, `date`, `time`) VALUES (51, 35, 'Assumenda hic eaque amet ullam sequi accusantium a', 'Aut porro et quis eum a. Doloribus molestiae qui libero ipsam consectetur et. Sint suscipit aspernatur consequuntur et nihil et. Et animi quaerat qui quos.', '1976-12-07', '05:04:43');
INSERT INTO `event_table` (`eventID`, `clubID`, `title`, `description`, `date`, `time`) VALUES (52, 86, 'Id ipsum sed ut commodi dolore qui doloremque.', 'Facere commodi voluptatibus voluptas perferendis tenetur. Esse aut sit blanditiis doloribus earum neque facilis. Aut sed sunt tenetur eum.', '2012-10-15', '11:16:47');
INSERT INTO `event_table` (`eventID`, `clubID`, `title`, `description`, `date`, `time`) VALUES (53, 32, 'Beatae voluptate non ab et ea.', 'Fuga consequatur autem consequatur debitis. Velit porro atque minima quod et maxime rem.', '2011-05-09', '10:44:09');
INSERT INTO `event_table` (`eventID`, `clubID`, `title`, `description`, `date`, `time`) VALUES (54, 92, 'Similique aut assumenda repudiandae alias.', 'Mollitia tempore ipsa ut perferendis architecto et occaecati aspernatur. Inventore minus quaerat modi. Hic qui enim mollitia inventore necessitatibus totam velit. Maxime ut commodi eos.', '1987-07-03', '17:39:58');
INSERT INTO `event_table` (`eventID`, `clubID`, `title`, `description`, `date`, `time`) VALUES (55, 28, 'Mollitia ipsa ea non mollitia.', 'Laboriosam sint qui et dolorem quis. Asperiores eum voluptatem incidunt. Sunt non amet magnam ex aspernatur quam. Ipsum sint tempore omnis porro.', '2000-01-12', '06:27:11');
INSERT INTO `event_table` (`eventID`, `clubID`, `title`, `description`, `date`, `time`) VALUES (56, 92, 'Illum repellendus voluptatum consectetur qui a ten', 'Qui velit incidunt quasi recusandae similique. Voluptatibus aspernatur sit debitis vel nobis nobis rem. Ducimus laudantium a temporibus exercitationem.', '2002-09-18', '04:12:13');
INSERT INTO `event_table` (`eventID`, `clubID`, `title`, `description`, `date`, `time`) VALUES (57, 75, 'Eum hic nihil rem.', 'Reiciendis natus quos voluptas harum sit veritatis. Autem voluptatem totam excepturi omnis voluptatem. Aspernatur sit aut facilis fugiat.', '2018-09-28', '08:15:40');
INSERT INTO `event_table` (`eventID`, `clubID`, `title`, `description`, `date`, `time`) VALUES (58, 84, 'Et omnis rerum praesentium.', 'In quisquam in sed eum ipsum cum qui vel. Ducimus saepe blanditiis reiciendis ducimus. Mollitia natus dolor aliquam voluptates distinctio numquam. Provident rem rerum fugiat quia corporis repellat dolore.', '1971-11-24', '19:39:09');
INSERT INTO `event_table` (`eventID`, `clubID`, `title`, `description`, `date`, `time`) VALUES (59, 86, 'Eos voluptatem iure qui.', 'Cum suscipit enim nesciunt omnis reprehenderit. Sapiente ea est velit eaque quasi exercitationem sunt porro. Quibusdam quidem aperiam sit similique quae minus maiores rerum.', '1975-12-21', '10:51:17');
INSERT INTO `event_table` (`eventID`, `clubID`, `title`, `description`, `date`, `time`) VALUES (60, 74, 'Tempora sapiente voluptas ullam qui.', 'Rem temporibus aspernatur ex et possimus quia dolor. Beatae exercitationem fuga veritatis. Et incidunt unde dolorem sed eum. Quia neque amet eos et nesciunt adipisci consequatur facere.', '2000-11-14', '17:15:02');
INSERT INTO `event_table` (`eventID`, `clubID`, `title`, `description`, `date`, `time`) VALUES (61, 42, 'Sapiente velit quae atque facere.', 'Odit esse voluptatem possimus ex officiis ullam. Pariatur illum qui dolorem veniam. Aut dolore minima in consequatur repudiandae. Nam expedita dolores qui molestiae labore magnam beatae.', '1978-11-29', '20:38:22');
INSERT INTO `event_table` (`eventID`, `clubID`, `title`, `description`, `date`, `time`) VALUES (62, 94, 'Itaque pariatur atque culpa.', 'Omnis corporis dolores quos dignissimos quo voluptas. Non quia laudantium quia autem est quod modi. Et velit nihil occaecati illum.', '1975-11-03', '07:55:51');
INSERT INTO `event_table` (`eventID`, `clubID`, `title`, `description`, `date`, `time`) VALUES (63, 16, 'Sit qui dolorem a quam et illo consequuntur.', 'Ut nesciunt debitis laudantium architecto rem quis. Blanditiis autem magnam reprehenderit assumenda. Dolor necessitatibus rem dolorem sit quia.', '2016-10-29', '16:56:12');
INSERT INTO `event_table` (`eventID`, `clubID`, `title`, `description`, `date`, `time`) VALUES (64, 67, 'Aut quam impedit fugiat.', 'Amet temporibus dolorem aut nobis. Minima quis saepe cumque. Dolor sapiente assumenda veniam iusto quia. Est esse officia non illo dolor accusamus.', '1991-12-30', '02:20:29');
INSERT INTO `event_table` (`eventID`, `clubID`, `title`, `description`, `date`, `time`) VALUES (65, 29, 'Expedita modi quod cumque aut mollitia eaque exped', 'Quia praesentium unde ratione voluptas soluta natus. Voluptatem minima quaerat nulla ea provident dicta. Cupiditate suscipit voluptatum dolorem est rerum. Esse maxime unde temporibus deserunt quo veritatis earum.', '1976-05-28', '03:31:45');
INSERT INTO `event_table` (`eventID`, `clubID`, `title`, `description`, `date`, `time`) VALUES (66, 71, 'Quod deserunt consequuntur nobis eum adipisci est.', 'Non ab nisi earum deleniti aut qui. Modi est est itaque nihil id aut. Quis vel facere error ex ab vel consequatur. Tempore rem magnam voluptas.', '2012-03-06', '02:22:11');
INSERT INTO `event_table` (`eventID`, `clubID`, `title`, `description`, `date`, `time`) VALUES (67, 20, 'Dicta ex cupiditate et qui sit nam.', 'Eligendi non aut vero autem et. Quidem exercitationem velit facere et. Consequuntur et fuga quam rerum aspernatur ullam molestias.', '1986-07-17', '05:00:03');
INSERT INTO `event_table` (`eventID`, `clubID`, `title`, `description`, `date`, `time`) VALUES (68, 42, 'Rerum ut rerum consectetur sunt.', 'Et repellat autem et. Soluta quos asperiores dolores ratione libero. Sed culpa sed dolor accusantium dolore officiis doloremque.', '2005-02-06', '13:16:02');
INSERT INTO `event_table` (`eventID`, `clubID`, `title`, `description`, `date`, `time`) VALUES (69, 95, 'Vitae iusto eos provident voluptatem.', 'Deserunt harum architecto omnis pariatur cum id. Cumque excepturi sunt dolores itaque sint. Incidunt aut et esse illo. Totam deleniti perferendis quod velit.', '1994-06-25', '13:35:11');
INSERT INTO `event_table` (`eventID`, `clubID`, `title`, `description`, `date`, `time`) VALUES (70, 86, 'Et sit ipsum doloremque aut dolorum.', 'Assumenda perferendis placeat molestiae molestiae. Sunt corporis veniam ipsam dicta neque.', '2011-03-01', '13:03:49');
INSERT INTO `event_table` (`eventID`, `clubID`, `title`, `description`, `date`, `time`) VALUES (71, 7, 'Nostrum repellat minus doloremque.', 'Ab quia quia adipisci itaque voluptas magni sed. Quas harum accusantium fugiat esse. Autem corrupti minus quis.', '1992-11-13', '15:18:02');
INSERT INTO `event_table` (`eventID`, `clubID`, `title`, `description`, `date`, `time`) VALUES (72, 81, 'Voluptatem veniam est non expedita fugiat quidem r', 'Sed rem nemo et est. Quia porro suscipit incidunt velit dolores libero praesentium.', '1985-05-31', '14:01:41');
INSERT INTO `event_table` (`eventID`, `clubID`, `title`, `description`, `date`, `time`) VALUES (73, 4, 'Dicta et dolores officia totam.', 'Tempore deserunt eius impedit. Veniam tenetur veniam reprehenderit incidunt sed veritatis. Minima doloremque maiores vel voluptatem assumenda.', '1971-11-02', '11:35:41');
INSERT INTO `event_table` (`eventID`, `clubID`, `title`, `description`, `date`, `time`) VALUES (74, 31, 'A natus quam voluptatem natus consequatur dignissi', 'Fugit illo aliquid dolores expedita totam perspiciatis. Est ab nulla dolorum repellendus provident et. Dolores aut quod ut voluptatem. Non excepturi ducimus a et sit placeat iusto dolor.', '1980-10-19', '07:21:43');
INSERT INTO `event_table` (`eventID`, `clubID`, `title`, `description`, `date`, `time`) VALUES (75, 88, 'Dolores facere nulla aut error ut.', 'Praesentium dolores et omnis aut iusto. Tenetur natus magni illo est repellendus omnis incidunt. Qui vero assumenda natus distinctio est accusamus. Ducimus qui provident rem voluptas placeat ut totam a.', '2017-09-09', '19:50:00');
INSERT INTO `event_table` (`eventID`, `clubID`, `title`, `description`, `date`, `time`) VALUES (76, 1, 'Porro ea voluptatibus consequatur numquam quos.', 'Repudiandae officiis at neque assumenda doloribus. Animi fuga et architecto.', '1994-12-08', '18:07:53');
INSERT INTO `event_table` (`eventID`, `clubID`, `title`, `description`, `date`, `time`) VALUES (77, 64, 'Eum ut error rerum similique quis.', 'Rerum at dolores enim illum aut. Dolor exercitationem nesciunt quisquam tenetur. Sed ipsum molestias voluptas inventore minima ut non. Eos ea quam dolorum autem sunt nostrum voluptatem.', '1971-07-13', '22:51:07');
INSERT INTO `event_table` (`eventID`, `clubID`, `title`, `description`, `date`, `time`) VALUES (78, 31, 'Aut voluptatem cumque voluptatem sit aut et repell', 'Sit suscipit et ea culpa dolores voluptatem doloremque sed. Eligendi totam a ab reprehenderit. Et est ullam magni fugiat omnis.', '1998-08-16', '08:24:43');
INSERT INTO `event_table` (`eventID`, `clubID`, `title`, `description`, `date`, `time`) VALUES (79, 76, 'Tempore quia voluptas dolores quas.', 'Vitae porro qui minima qui ad neque et. Fugiat minus fuga amet corrupti voluptatibus. Consequatur dolor ut et eum similique.', '2001-09-17', '20:24:38');
INSERT INTO `event_table` (`eventID`, `clubID`, `title`, `description`, `date`, `time`) VALUES (80, 80, 'Ut quod qui numquam vel ullam aspernatur ipsum.', 'Et eligendi nemo a qui optio assumenda quia. Ab id perspiciatis provident iure. Impedit labore et error eos perferendis sed praesentium. Et ipsa repellendus excepturi aut reiciendis.', '1971-04-01', '19:08:22');
INSERT INTO `event_table` (`eventID`, `clubID`, `title`, `description`, `date`, `time`) VALUES (81, 91, 'Consequuntur suscipit recusandae suscipit adipisci', 'Vel tempora voluptas aut quisquam repellendus consectetur. Mollitia eius eos veniam expedita illo eligendi eaque. Non consequatur voluptatem in eos temporibus voluptate.', '1987-12-27', '17:41:11');
INSERT INTO `event_table` (`eventID`, `clubID`, `title`, `description`, `date`, `time`) VALUES (82, 83, 'Eum ipsum libero saepe.', 'A fuga aliquam molestiae possimus eos. Veniam laboriosam eos autem sed minima iure dolorem. Minus sed ut quia ab. Explicabo quae in et et sit fugiat aut.', '2016-01-07', '02:29:55');
INSERT INTO `event_table` (`eventID`, `clubID`, `title`, `description`, `date`, `time`) VALUES (83, 90, 'Optio et aperiam nulla qui quo.', 'Est provident qui quia dolorem. Nulla ut aut quasi quasi nihil. Quia possimus quia ea exercitationem. Accusantium aut alias aperiam est fugiat ratione et. Ratione non et rerum sunt.', '1993-07-19', '07:17:12');
INSERT INTO `event_table` (`eventID`, `clubID`, `title`, `description`, `date`, `time`) VALUES (84, 55, 'Omnis laudantium veritatis est nihil commodi in.', 'Voluptate nemo earum tenetur necessitatibus mollitia laboriosam natus. Minima iusto consequatur consequatur aut. Impedit placeat vel libero voluptatem sint ipsam.', '2004-06-17', '06:43:33');
INSERT INTO `event_table` (`eventID`, `clubID`, `title`, `description`, `date`, `time`) VALUES (85, 91, 'Sunt consequuntur quis qui.', 'Explicabo unde autem maiores iusto sit consequuntur minima. Aut quos sequi molestiae quasi. Doloribus dolores dignissimos omnis.', '2016-10-21', '07:44:31');
INSERT INTO `event_table` (`eventID`, `clubID`, `title`, `description`, `date`, `time`) VALUES (86, 87, 'Maxime ducimus molestias iusto distinctio ea alias', 'Eos vel fugiat doloremque quo. Et sapiente corporis est odio. Enim pariatur aspernatur est quis velit eum quam. Ut rerum voluptas qui quis enim et debitis.', '1992-05-19', '15:07:24');
INSERT INTO `event_table` (`eventID`, `clubID`, `title`, `description`, `date`, `time`) VALUES (87, 11, 'Id consequatur ut excepturi omnis in.', 'Possimus modi fugiat dolores. Architecto dolorem nostrum et quae quisquam nobis. Doloribus consequatur itaque sequi in perferendis ut velit.', '2010-04-26', '16:11:10');
INSERT INTO `event_table` (`eventID`, `clubID`, `title`, `description`, `date`, `time`) VALUES (88, 81, 'Quia repellat accusantium error nostrum reprehende', 'Animi consequuntur accusamus a ut dolore. Placeat minus laborum blanditiis sed delectus velit consequatur. Ullam id eligendi rerum et facere maxime vel. Corrupti quae ut explicabo at et enim ad. Ab quae autem omnis cum ratione eius esse.', '1986-12-23', '01:32:19');
INSERT INTO `event_table` (`eventID`, `clubID`, `title`, `description`, `date`, `time`) VALUES (89, 90, 'Ut omnis qui ducimus voluptas.', 'Non eum id laboriosam eaque. Modi asperiores facere hic perferendis ea tempora. Aut repudiandae libero ratione aut sunt aperiam et. Quo sunt optio magnam at aut et.', '2002-07-25', '21:43:14');
INSERT INTO `event_table` (`eventID`, `clubID`, `title`, `description`, `date`, `time`) VALUES (90, 31, 'Molestiae perferendis ut pariatur perspiciatis aut', 'Qui et consequatur hic eius occaecati. A quia voluptatibus natus sed dicta. Et fugit ea quos quia.', '1971-02-19', '17:38:46');
INSERT INTO `event_table` (`eventID`, `clubID`, `title`, `description`, `date`, `time`) VALUES (91, 94, 'Rerum officia eos sint delectus aut et sit.', 'Et qui laudantium ab labore non error perspiciatis. Quia aspernatur rerum voluptatem culpa reprehenderit optio. Perferendis sequi molestias officia quasi.', '2014-12-09', '18:43:23');
INSERT INTO `event_table` (`eventID`, `clubID`, `title`, `description`, `date`, `time`) VALUES (92, 32, 'Ducimus maxime unde vel earum laudantium consequat', 'Totam rerum hic voluptatem est fuga quia. Adipisci asperiores at fugit voluptas ut aut. Consequatur quas at sed natus hic quisquam quaerat. Quas soluta ut dignissimos est. Optio harum velit voluptates in in.', '2000-06-17', '23:59:39');
INSERT INTO `event_table` (`eventID`, `clubID`, `title`, `description`, `date`, `time`) VALUES (93, 42, 'Eos est eos aut facere maxime architecto voluptate', 'Nisi rerum sint nulla cumque ab doloremque. Vel vel eos qui soluta modi. Quia id temporibus possimus praesentium iusto debitis error. Temporibus repellendus tempore at optio omnis laborum.', '2009-07-12', '23:30:30');
INSERT INTO `event_table` (`eventID`, `clubID`, `title`, `description`, `date`, `time`) VALUES (94, 57, 'Ea alias quaerat corporis occaecati beatae adipisc', 'Itaque unde facere autem qui animi qui fugit. Perspiciatis unde ipsum pariatur accusamus similique voluptas. Minus iure minus voluptates aliquam dolorem.', '1982-07-01', '08:46:15');
INSERT INTO `event_table` (`eventID`, `clubID`, `title`, `description`, `date`, `time`) VALUES (95, 55, 'Rerum sint quia sint aspernatur.', 'Vitae laboriosam autem aut et vel dicta earum aut. Quasi nesciunt voluptatem voluptatum repellendus qui. Aspernatur a minima illo nobis quo. Error saepe vitae pariatur sed sunt officiis at.', '2019-10-12', '16:36:04');
INSERT INTO `event_table` (`eventID`, `clubID`, `title`, `description`, `date`, `time`) VALUES (96, 63, 'Fuga quia iste ut incidunt nihil eum.', 'Nihil perspiciatis qui rem maxime et corrupti. Ad dolores consequatur adipisci culpa. Earum sequi ex praesentium ipsa molestiae quisquam sit.', '1997-03-10', '04:58:57');
INSERT INTO `event_table` (`eventID`, `clubID`, `title`, `description`, `date`, `time`) VALUES (97, 87, 'Deserunt perferendis facilis doloremque quasi aut ', 'Sed in assumenda illo dolor aut rem laborum. Dolor sint officia necessitatibus officiis nisi. Placeat natus quis nemo voluptates dolores. Animi architecto sunt quo distinctio ipsum.', '1992-08-12', '02:37:23');
INSERT INTO `event_table` (`eventID`, `clubID`, `title`, `description`, `date`, `time`) VALUES (98, 26, 'Accusantium molestiae aliquam excepturi vitae vel ', 'Aut eum doloremque hic est rerum doloremque dignissimos magni. Blanditiis perferendis doloremque tenetur quis corrupti molestiae nostrum. Nostrum et dolorem voluptates exercitationem aspernatur architecto. Omnis soluta et natus alias itaque in.', '2009-11-27', '13:13:16');
INSERT INTO `event_table` (`eventID`, `clubID`, `title`, `description`, `date`, `time`) VALUES (99, 79, 'Ut error et explicabo eum cum.', 'Non enim aut at. Totam error assumenda omnis voluptas aliquam sed. At est rerum qui ut et. Aut est autem quidem eum qui adipisci. Est nam numquam nostrum autem.', '2010-09-23', '10:51:29');
INSERT INTO `event_table` (`eventID`, `clubID`, `title`, `description`, `date`, `time`) VALUES (100, 16, 'Non deleniti voluptas animi officia est.', 'Deleniti enim et qui sit exercitationem fugiat. Voluptatem voluptate molestias totam dignissimos et magnam. Sint eius magni voluptas sed veritatis. Quidem dignissimos amet error porro eius voluptatem.', '2011-04-09', '06:24:07');


#
# TABLE STRUCTURE FOR: membership_table
#

DROP TABLE IF EXISTS `membership_table`;

CREATE TABLE `membership_table` (
  `userID` int(11) NOT NULL,
  `clubID` int(11) NOT NULL,
  `admin` tinyint(1) NOT NULL,
  `memberID` int(11) NOT NULL AUTO_INCREMENT,
  PRIMARY KEY (`memberID`),
  KEY `userID` (`userID`),
  KEY `clubID` (`clubID`),
  CONSTRAINT `club_foreignkey` FOREIGN KEY (`clubID`) REFERENCES `club_table` (`clubID`) ON DELETE CASCADE ON UPDATE CASCADE,
  CONSTRAINT `user_foreignkey` FOREIGN KEY (`userID`) REFERENCES `user_table` (`userID`) ON DELETE CASCADE ON UPDATE CASCADE
) ENGINE=InnoDB AUTO_INCREMENT=101 DEFAULT CHARSET=utf8mb4 COLLATE=utf8mb4_unicode_ci;

INSERT INTO `membership_table` (`userID`, `clubID`, `admin`, `memberID`) VALUES (95, 93, 0, 1);
INSERT INTO `membership_table` (`userID`, `clubID`, `admin`, `memberID`) VALUES (36, 3, 0, 2);
INSERT INTO `membership_table` (`userID`, `clubID`, `admin`, `memberID`) VALUES (75, 72, 0, 3);
INSERT INTO `membership_table` (`userID`, `clubID`, `admin`, `memberID`) VALUES (57, 80, 0, 4);
INSERT INTO `membership_table` (`userID`, `clubID`, `admin`, `memberID`) VALUES (51, 58, 0, 5);
INSERT INTO `membership_table` (`userID`, `clubID`, `admin`, `memberID`) VALUES (40, 31, 0, 6);
INSERT INTO `membership_table` (`userID`, `clubID`, `admin`, `memberID`) VALUES (51, 49, 0, 7);
INSERT INTO `membership_table` (`userID`, `clubID`, `admin`, `memberID`) VALUES (91, 12, 0, 8);
INSERT INTO `membership_table` (`userID`, `clubID`, `admin`, `memberID`) VALUES (72, 96, 0, 9);
INSERT INTO `membership_table` (`userID`, `clubID`, `admin`, `memberID`) VALUES (22, 59, 0, 10);
INSERT INTO `membership_table` (`userID`, `clubID`, `admin`, `memberID`) VALUES (65, 16, 0, 11);
INSERT INTO `membership_table` (`userID`, `clubID`, `admin`, `memberID`) VALUES (21, 100, 0, 12);
INSERT INTO `membership_table` (`userID`, `clubID`, `admin`, `memberID`) VALUES (62, 100, 0, 13);
INSERT INTO `membership_table` (`userID`, `clubID`, `admin`, `memberID`) VALUES (56, 76, 0, 14);
INSERT INTO `membership_table` (`userID`, `clubID`, `admin`, `memberID`) VALUES (3, 82, 0, 15);
INSERT INTO `membership_table` (`userID`, `clubID`, `admin`, `memberID`) VALUES (71, 16, 0, 16);
INSERT INTO `membership_table` (`userID`, `clubID`, `admin`, `memberID`) VALUES (81, 13, 0, 17);
INSERT INTO `membership_table` (`userID`, `clubID`, `admin`, `memberID`) VALUES (66, 61, 0, 18);
INSERT INTO `membership_table` (`userID`, `clubID`, `admin`, `memberID`) VALUES (63, 62, 0, 19);
INSERT INTO `membership_table` (`userID`, `clubID`, `admin`, `memberID`) VALUES (17, 58, 0, 20);
INSERT INTO `membership_table` (`userID`, `clubID`, `admin`, `memberID`) VALUES (70, 29, 0, 21);
INSERT INTO `membership_table` (`userID`, `clubID`, `admin`, `memberID`) VALUES (37, 23, 0, 22);
INSERT INTO `membership_table` (`userID`, `clubID`, `admin`, `memberID`) VALUES (100, 94, 0, 23);
INSERT INTO `membership_table` (`userID`, `clubID`, `admin`, `memberID`) VALUES (56, 53, 0, 24);
INSERT INTO `membership_table` (`userID`, `clubID`, `admin`, `memberID`) VALUES (67, 94, 0, 25);
INSERT INTO `membership_table` (`userID`, `clubID`, `admin`, `memberID`) VALUES (93, 33, 0, 26);
INSERT INTO `membership_table` (`userID`, `clubID`, `admin`, `memberID`) VALUES (25, 13, 0, 27);
INSERT INTO `membership_table` (`userID`, `clubID`, `admin`, `memberID`) VALUES (40, 66, 0, 28);
INSERT INTO `membership_table` (`userID`, `clubID`, `admin`, `memberID`) VALUES (5, 49, 0, 29);
INSERT INTO `membership_table` (`userID`, `clubID`, `admin`, `memberID`) VALUES (9, 25, 0, 30);
INSERT INTO `membership_table` (`userID`, `clubID`, `admin`, `memberID`) VALUES (31, 11, 0, 31);
INSERT INTO `membership_table` (`userID`, `clubID`, `admin`, `memberID`) VALUES (31, 85, 0, 32);
INSERT INTO `membership_table` (`userID`, `clubID`, `admin`, `memberID`) VALUES (96, 52, 0, 33);
INSERT INTO `membership_table` (`userID`, `clubID`, `admin`, `memberID`) VALUES (22, 81, 0, 34);
INSERT INTO `membership_table` (`userID`, `clubID`, `admin`, `memberID`) VALUES (76, 89, 0, 35);
INSERT INTO `membership_table` (`userID`, `clubID`, `admin`, `memberID`) VALUES (40, 66, 0, 36);
INSERT INTO `membership_table` (`userID`, `clubID`, `admin`, `memberID`) VALUES (25, 87, 0, 37);
INSERT INTO `membership_table` (`userID`, `clubID`, `admin`, `memberID`) VALUES (60, 47, 0, 38);
INSERT INTO `membership_table` (`userID`, `clubID`, `admin`, `memberID`) VALUES (100, 86, 0, 39);
INSERT INTO `membership_table` (`userID`, `clubID`, `admin`, `memberID`) VALUES (9, 81, 0, 40);
INSERT INTO `membership_table` (`userID`, `clubID`, `admin`, `memberID`) VALUES (38, 75, 0, 41);
INSERT INTO `membership_table` (`userID`, `clubID`, `admin`, `memberID`) VALUES (97, 21, 0, 42);
INSERT INTO `membership_table` (`userID`, `clubID`, `admin`, `memberID`) VALUES (67, 31, 0, 43);
INSERT INTO `membership_table` (`userID`, `clubID`, `admin`, `memberID`) VALUES (76, 75, 0, 44);
INSERT INTO `membership_table` (`userID`, `clubID`, `admin`, `memberID`) VALUES (17, 41, 0, 45);
INSERT INTO `membership_table` (`userID`, `clubID`, `admin`, `memberID`) VALUES (64, 82, 0, 46);
INSERT INTO `membership_table` (`userID`, `clubID`, `admin`, `memberID`) VALUES (81, 54, 0, 47);
INSERT INTO `membership_table` (`userID`, `clubID`, `admin`, `memberID`) VALUES (50, 30, 0, 48);
INSERT INTO `membership_table` (`userID`, `clubID`, `admin`, `memberID`) VALUES (5, 73, 0, 49);
INSERT INTO `membership_table` (`userID`, `clubID`, `admin`, `memberID`) VALUES (76, 19, 0, 50);
INSERT INTO `membership_table` (`userID`, `clubID`, `admin`, `memberID`) VALUES (63, 13, 0, 51);
INSERT INTO `membership_table` (`userID`, `clubID`, `admin`, `memberID`) VALUES (25, 36, 0, 52);
INSERT INTO `membership_table` (`userID`, `clubID`, `admin`, `memberID`) VALUES (84, 54, 0, 53);
INSERT INTO `membership_table` (`userID`, `clubID`, `admin`, `memberID`) VALUES (52, 91, 0, 54);
INSERT INTO `membership_table` (`userID`, `clubID`, `admin`, `memberID`) VALUES (23, 56, 0, 55);
INSERT INTO `membership_table` (`userID`, `clubID`, `admin`, `memberID`) VALUES (60, 40, 0, 56);
INSERT INTO `membership_table` (`userID`, `clubID`, `admin`, `memberID`) VALUES (28, 87, 0, 57);
INSERT INTO `membership_table` (`userID`, `clubID`, `admin`, `memberID`) VALUES (25, 69, 0, 58);
INSERT INTO `membership_table` (`userID`, `clubID`, `admin`, `memberID`) VALUES (14, 84, 0, 59);
INSERT INTO `membership_table` (`userID`, `clubID`, `admin`, `memberID`) VALUES (45, 63, 0, 60);
INSERT INTO `membership_table` (`userID`, `clubID`, `admin`, `memberID`) VALUES (26, 53, 0, 61);
INSERT INTO `membership_table` (`userID`, `clubID`, `admin`, `memberID`) VALUES (5, 33, 0, 62);
INSERT INTO `membership_table` (`userID`, `clubID`, `admin`, `memberID`) VALUES (42, 28, 0, 63);
INSERT INTO `membership_table` (`userID`, `clubID`, `admin`, `memberID`) VALUES (13, 65, 0, 64);
INSERT INTO `membership_table` (`userID`, `clubID`, `admin`, `memberID`) VALUES (40, 100, 0, 65);
INSERT INTO `membership_table` (`userID`, `clubID`, `admin`, `memberID`) VALUES (43, 94, 0, 66);
INSERT INTO `membership_table` (`userID`, `clubID`, `admin`, `memberID`) VALUES (95, 92, 0, 67);
INSERT INTO `membership_table` (`userID`, `clubID`, `admin`, `memberID`) VALUES (18, 4, 0, 68);
INSERT INTO `membership_table` (`userID`, `clubID`, `admin`, `memberID`) VALUES (20, 96, 0, 69);
INSERT INTO `membership_table` (`userID`, `clubID`, `admin`, `memberID`) VALUES (57, 53, 0, 70);
INSERT INTO `membership_table` (`userID`, `clubID`, `admin`, `memberID`) VALUES (38, 96, 0, 71);
INSERT INTO `membership_table` (`userID`, `clubID`, `admin`, `memberID`) VALUES (15, 15, 0, 72);
INSERT INTO `membership_table` (`userID`, `clubID`, `admin`, `memberID`) VALUES (38, 88, 0, 73);
INSERT INTO `membership_table` (`userID`, `clubID`, `admin`, `memberID`) VALUES (80, 77, 0, 74);
INSERT INTO `membership_table` (`userID`, `clubID`, `admin`, `memberID`) VALUES (60, 15, 0, 75);
INSERT INTO `membership_table` (`userID`, `clubID`, `admin`, `memberID`) VALUES (12, 84, 0, 76);
INSERT INTO `membership_table` (`userID`, `clubID`, `admin`, `memberID`) VALUES (21, 21, 0, 77);
INSERT INTO `membership_table` (`userID`, `clubID`, `admin`, `memberID`) VALUES (11, 28, 0, 78);
INSERT INTO `membership_table` (`userID`, `clubID`, `admin`, `memberID`) VALUES (53, 28, 0, 79);
INSERT INTO `membership_table` (`userID`, `clubID`, `admin`, `memberID`) VALUES (20, 44, 0, 80);
INSERT INTO `membership_table` (`userID`, `clubID`, `admin`, `memberID`) VALUES (31, 69, 0, 81);
INSERT INTO `membership_table` (`userID`, `clubID`, `admin`, `memberID`) VALUES (83, 18, 0, 82);
INSERT INTO `membership_table` (`userID`, `clubID`, `admin`, `memberID`) VALUES (45, 27, 0, 83);
INSERT INTO `membership_table` (`userID`, `clubID`, `admin`, `memberID`) VALUES (9, 87, 0, 84);
INSERT INTO `membership_table` (`userID`, `clubID`, `admin`, `memberID`) VALUES (4, 78, 0, 85);
INSERT INTO `membership_table` (`userID`, `clubID`, `admin`, `memberID`) VALUES (74, 3, 0, 86);
INSERT INTO `membership_table` (`userID`, `clubID`, `admin`, `memberID`) VALUES (70, 3, 0, 87);
INSERT INTO `membership_table` (`userID`, `clubID`, `admin`, `memberID`) VALUES (94, 93, 0, 88);
INSERT INTO `membership_table` (`userID`, `clubID`, `admin`, `memberID`) VALUES (39, 43, 0, 89);
INSERT INTO `membership_table` (`userID`, `clubID`, `admin`, `memberID`) VALUES (67, 97, 0, 90);
INSERT INTO `membership_table` (`userID`, `clubID`, `admin`, `memberID`) VALUES (14, 43, 0, 91);
INSERT INTO `membership_table` (`userID`, `clubID`, `admin`, `memberID`) VALUES (87, 68, 0, 92);
INSERT INTO `membership_table` (`userID`, `clubID`, `admin`, `memberID`) VALUES (99, 46, 0, 93);
INSERT INTO `membership_table` (`userID`, `clubID`, `admin`, `memberID`) VALUES (35, 64, 0, 94);
INSERT INTO `membership_table` (`userID`, `clubID`, `admin`, `memberID`) VALUES (4, 14, 0, 95);
INSERT INTO `membership_table` (`userID`, `clubID`, `admin`, `memberID`) VALUES (43, 33, 0, 96);
INSERT INTO `membership_table` (`userID`, `clubID`, `admin`, `memberID`) VALUES (54, 28, 0, 97);
INSERT INTO `membership_table` (`userID`, `clubID`, `admin`, `memberID`) VALUES (91, 65, 0, 98);
INSERT INTO `membership_table` (`userID`, `clubID`, `admin`, `memberID`) VALUES (60, 77, 0, 99);
INSERT INTO `membership_table` (`userID`, `clubID`, `admin`, `memberID`) VALUES (23, 50, 0, 100);


#
# TABLE STRUCTURE FOR: posts_table
#

DROP TABLE IF EXISTS `posts_table`;

CREATE TABLE `posts_table` (
  `postID` int(11) NOT NULL AUTO_INCREMENT,
  `clubID` int(11) NOT NULL,
  `title` varchar(50) COLLATE utf8mb4_unicode_ci NOT NULL,
  `content` text COLLATE utf8mb4_unicode_ci NOT NULL,
  PRIMARY KEY (`postID`),
  KEY `clubPosts_foreignKey` (`clubID`),
  CONSTRAINT `clubPosts_foreignKey` FOREIGN KEY (`clubID`) REFERENCES `club_table` (`clubID`) ON DELETE CASCADE ON UPDATE CASCADE
) ENGINE=InnoDB AUTO_INCREMENT=101 DEFAULT CHARSET=utf8mb4 COLLATE=utf8mb4_unicode_ci;

INSERT INTO `posts_table` (`postID`, `clubID`, `title`, `content`) VALUES (1, 38, 'Id ipsum facilis eaque quo.', 'Deleniti suscipit expedita numquam cum doloribus. Nulla expedita dolorum reiciendis incidunt reprehenderit. Molestias et doloribus minus omnis deserunt voluptatem aut. Eveniet repellendus odit aut fuga consequatur eum.');
INSERT INTO `posts_table` (`postID`, `clubID`, `title`, `content`) VALUES (2, 10, 'Ex delectus inventore eveniet rerum.', 'Perspiciatis quo adipisci ratione veniam. Optio est laborum officiis porro et. Earum delectus quia sed esse. Voluptas aliquam nulla ut natus placeat voluptatibus.');
INSERT INTO `posts_table` (`postID`, `clubID`, `title`, `content`) VALUES (3, 7, 'Veritatis voluptatum omnis corporis dignissimos op', 'Sequi est ducimus voluptatem ullam repudiandae omnis amet quia. Porro est temporibus ex et velit eos.');
INSERT INTO `posts_table` (`postID`, `clubID`, `title`, `content`) VALUES (4, 93, 'Dicta qui itaque laborum ab ab.', 'Consequatur quaerat sint quia velit molestiae suscipit. Explicabo perferendis maiores sit in est cumque est. Consequatur officiis ratione amet aliquam.');
INSERT INTO `posts_table` (`postID`, `clubID`, `title`, `content`) VALUES (5, 92, 'Vel et et molestias in et.', 'Enim facilis in voluptatem non sequi neque. Alias aspernatur laboriosam molestiae voluptate minima nobis. Ut et voluptatem necessitatibus rerum ea a rem.');
INSERT INTO `posts_table` (`postID`, `clubID`, `title`, `content`) VALUES (6, 35, 'Ipsum natus qui unde.', 'Eum et quod incidunt nam velit hic. Ex aut culpa laboriosam quos numquam maxime est. Assumenda officiis alias odit libero omnis. Non explicabo velit ipsum libero consequatur incidunt.');
INSERT INTO `posts_table` (`postID`, `clubID`, `title`, `content`) VALUES (7, 25, 'Officia non aut natus aut sed unde est.', 'Voluptas consequatur sint est eum. Voluptatum accusamus adipisci minima provident nihil qui. Rerum reiciendis nobis numquam error voluptatum ea quis.');
INSERT INTO `posts_table` (`postID`, `clubID`, `title`, `content`) VALUES (8, 84, 'Non non asperiores omnis facere voluptatem quia vo', 'Dolores odit eos animi non eum. Est ipsa temporibus rerum molestias. Aut in laudantium assumenda vel cumque corporis. Aperiam numquam voluptatum aut tempora qui odit sapiente.');
INSERT INTO `posts_table` (`postID`, `clubID`, `title`, `content`) VALUES (9, 32, 'Ex velit aut similique quia.', 'Ea consequuntur doloremque qui dolorum. Incidunt incidunt ut eveniet. Fugiat rerum et ratione id dignissimos. Cumque nihil quod unde consequatur fugit et.');
INSERT INTO `posts_table` (`postID`, `clubID`, `title`, `content`) VALUES (10, 82, 'Voluptatem architecto ut et non et voluptatibus.', 'Ad aut quae quia atque. Cumque eos natus enim est ab impedit nesciunt. Eum quia fuga beatae ex accusantium laborum maxime. Nemo eos quia cumque nulla veniam vel.');
INSERT INTO `posts_table` (`postID`, `clubID`, `title`, `content`) VALUES (11, 91, 'Molestiae in esse omnis magnam.', 'Cum excepturi necessitatibus asperiores enim dolorem quia. Et sed voluptatibus molestias fuga consectetur et. Quod error ut odio est iusto.');
INSERT INTO `posts_table` (`postID`, `clubID`, `title`, `content`) VALUES (12, 31, 'Voluptates omnis nostrum et a quia in.', 'Qui omnis repellendus placeat maxime ad nihil nihil. Accusamus consectetur consequatur et consequuntur enim sit. Repellat velit quasi consequuntur et inventore.');
INSERT INTO `posts_table` (`postID`, `clubID`, `title`, `content`) VALUES (13, 78, 'Non quo placeat aliquam eaque.', 'Atque fugit doloribus dolores fugiat voluptatem vitae. Reprehenderit quisquam delectus reiciendis sint veniam. Mollitia in a architecto cumque. Dolor quia et dignissimos rerum vel.');
INSERT INTO `posts_table` (`postID`, `clubID`, `title`, `content`) VALUES (14, 48, 'Ea non eos ex porro exercitationem.', 'At vel qui molestiae similique aut. Error molestiae aut ut minima voluptatum esse consequatur. Expedita quod itaque perspiciatis eum quia vel.');
INSERT INTO `posts_table` (`postID`, `clubID`, `title`, `content`) VALUES (15, 50, 'Eveniet doloremque impedit commodi saepe et sapien', 'Omnis eaque velit quia mollitia dolores sunt ut. Est perspiciatis quisquam necessitatibus exercitationem totam sapiente aperiam. Ut fugiat voluptatem ut ea suscipit nobis. Mollitia dolore vitae deserunt nisi sunt dignissimos dicta.');
INSERT INTO `posts_table` (`postID`, `clubID`, `title`, `content`) VALUES (16, 10, 'Libero ipsa nesciunt reiciendis non a necessitatib', 'Sed aut numquam velit recusandae quod quaerat praesentium assumenda. Libero quis quis dolorem praesentium omnis. Expedita eveniet facere repellendus maxime. Incidunt omnis eius labore ab qui.');
INSERT INTO `posts_table` (`postID`, `clubID`, `title`, `content`) VALUES (17, 49, 'Corporis architecto dolore enim corrupti aspernatu', 'Quam reprehenderit rem ea maiores sed. Debitis repellendus qui corporis nobis officiis. Possimus commodi fugit dolorem alias.');
INSERT INTO `posts_table` (`postID`, `clubID`, `title`, `content`) VALUES (18, 59, 'Ullam aut voluptas incidunt sed suscipit aut nesci', 'Tempora voluptas tempora aut magni eos. Eaque aut dolor quasi similique quam consequatur. Expedita rerum ut et voluptatem veritatis.');
INSERT INTO `posts_table` (`postID`, `clubID`, `title`, `content`) VALUES (19, 60, 'Rerum necessitatibus provident odit corporis rerum', 'Possimus vel consequatur incidunt velit et ullam. Voluptatem omnis id quaerat omnis. Facilis sed non voluptas culpa et doloribus nesciunt.');
INSERT INTO `posts_table` (`postID`, `clubID`, `title`, `content`) VALUES (20, 3, 'Sit veritatis maxime et error ea.', 'Cumque earum officia voluptatibus porro. Vel ex iure qui eum vel dolorem. Quia autem qui enim quisquam.');
INSERT INTO `posts_table` (`postID`, `clubID`, `title`, `content`) VALUES (21, 68, 'Laborum et at mollitia non alias et quia.', 'Voluptates in nostrum reiciendis. Perspiciatis et sed suscipit quam fugiat. Similique dolores ea est aut ut nesciunt.');
INSERT INTO `posts_table` (`postID`, `clubID`, `title`, `content`) VALUES (22, 35, 'Dolores voluptas itaque qui.', 'Necessitatibus eum qui numquam enim. Non et deleniti ex similique. Quia dolores sed harum consequuntur id error. Aut illo eligendi rerum eius numquam aut eos.');
INSERT INTO `posts_table` (`postID`, `clubID`, `title`, `content`) VALUES (23, 51, 'Dolorem recusandae sit perferendis sed.', 'Pariatur quidem delectus quod. Rerum quasi atque iste repellat at iste ipsum. Possimus corrupti repellendus suscipit distinctio quam autem.');
INSERT INTO `posts_table` (`postID`, `clubID`, `title`, `content`) VALUES (24, 25, 'Ut et inventore nihil impedit odit.', 'Vel officia eligendi aut et qui possimus hic vitae. Aut nisi aliquid ut. Modi quisquam qui dignissimos. Nostrum consequatur vel qui voluptates non deserunt ut.');
INSERT INTO `posts_table` (`postID`, `clubID`, `title`, `content`) VALUES (25, 94, 'Ea corporis nostrum fugiat blanditiis qui porro.', 'Fugiat et est eveniet omnis doloremque excepturi rerum. Quae facere expedita fuga et quo. Accusantium dolores ab velit eos aut. Molestias est et dolorem rem maiores voluptas magni.');
INSERT INTO `posts_table` (`postID`, `clubID`, `title`, `content`) VALUES (26, 25, 'Voluptates explicabo architecto dicta eum aut.', 'Laudantium et mollitia omnis vitae qui. Molestiae architecto esse pariatur nobis quia. Ab fugit a rerum ipsam vel ipsum.');
INSERT INTO `posts_table` (`postID`, `clubID`, `title`, `content`) VALUES (27, 66, 'At fugiat corrupti aut reprehenderit dicta delenit', 'Dolore consectetur at consequatur libero. Odio adipisci quasi laboriosam repellat consequatur. Laborum doloremque veniam doloribus qui non. Ea est velit esse qui autem rerum.');
INSERT INTO `posts_table` (`postID`, `clubID`, `title`, `content`) VALUES (28, 59, 'Fugit tenetur ea ipsam temporibus velit.', 'Itaque modi perspiciatis qui rem perferendis quis dolorum labore. Minus assumenda architecto quia suscipit eligendi veniam. Aperiam voluptas nihil et porro tempora facere autem. Enim ipsum reprehenderit veniam numquam.');
INSERT INTO `posts_table` (`postID`, `clubID`, `title`, `content`) VALUES (29, 53, 'Maxime a quia dolorem enim.', 'Repudiandae quam quidem odit. Aliquid ex est asperiores omnis. Iure quidem et ut earum. Nam unde quidem non sit et facere quia.');
INSERT INTO `posts_table` (`postID`, `clubID`, `title`, `content`) VALUES (30, 43, 'Deleniti distinctio vel placeat dolor dolore maior', 'Pariatur perferendis eligendi aspernatur qui impedit quia fugiat. Nesciunt non consequatur vel voluptas culpa ipsa nemo. Ea veritatis illum qui quod asperiores praesentium.');
INSERT INTO `posts_table` (`postID`, `clubID`, `title`, `content`) VALUES (31, 31, 'Quis quasi sint harum atque.', 'Et libero vel et nam. Doloribus enim quis blanditiis repellat ipsum repudiandae minima. Possimus ut ratione qui deleniti non unde aut consequatur.');
INSERT INTO `posts_table` (`postID`, `clubID`, `title`, `content`) VALUES (32, 60, 'Aliquam suscipit saepe veniam.', 'Perferendis quaerat sed natus debitis aut non. At mollitia dolores assumenda aut numquam officia. Architecto ut aliquam consectetur cumque et quidem beatae.');
INSERT INTO `posts_table` (`postID`, `clubID`, `title`, `content`) VALUES (33, 75, 'Quasi rerum ratione dolor impedit.', 'Voluptatem ducimus necessitatibus et culpa ut qui. Quia iusto natus non. Maxime molestiae sapiente tempora et.');
INSERT INTO `posts_table` (`postID`, `clubID`, `title`, `content`) VALUES (34, 39, 'Deserunt voluptas voluptates et cupiditate ut.', 'Rerum eum ut minus labore optio minima deleniti. Omnis iusto aut assumenda rem ducimus voluptas. Magnam id eius voluptas eius.');
INSERT INTO `posts_table` (`postID`, `clubID`, `title`, `content`) VALUES (35, 9, 'Quia atque facilis dolor et culpa.', 'Neque dolorem cupiditate dolor rerum illo excepturi. Facilis iusto suscipit ut asperiores veniam reprehenderit. Inventore quidem laboriosam magni quo sit et. Ex sint veritatis ad ipsam inventore vero.');
INSERT INTO `posts_table` (`postID`, `clubID`, `title`, `content`) VALUES (36, 13, 'Non ipsa iusto qui odio.', 'Expedita dicta similique a et quis. Aut non nulla numquam voluptas iste officiis. Fuga officia assumenda blanditiis accusantium quos omnis consequatur. Quo maxime sed delectus laudantium earum in maxime voluptatem.');
INSERT INTO `posts_table` (`postID`, `clubID`, `title`, `content`) VALUES (37, 10, 'Eos qui et dicta officiis totam sint et laboriosam', 'Ullam saepe qui cupiditate aut optio. Aut et assumenda quia magni quia possimus non. Expedita nisi aut corporis modi mollitia accusantium est. Laboriosam blanditiis voluptas expedita ipsa ad.');
INSERT INTO `posts_table` (`postID`, `clubID`, `title`, `content`) VALUES (38, 62, 'Sit debitis aperiam pariatur doloremque.', 'Harum quisquam magni quidem et et ut necessitatibus. Ducimus aut accusamus voluptates totam. Modi nihil eveniet doloremque.');
INSERT INTO `posts_table` (`postID`, `clubID`, `title`, `content`) VALUES (39, 5, 'Voluptas pariatur ratione est esse adipisci ipsum ', 'At eum qui quo. Tempora aut et dignissimos dolorem voluptatibus. Qui officiis eum odio.');
INSERT INTO `posts_table` (`postID`, `clubID`, `title`, `content`) VALUES (40, 52, 'Dolorum non minus vel aut.', 'Ea nostrum doloribus aut quaerat possimus nobis maxime. Molestiae velit vel nobis reprehenderit aut. Minus vitae repellendus et quia modi veniam et. Totam possimus animi tenetur.');
INSERT INTO `posts_table` (`postID`, `clubID`, `title`, `content`) VALUES (41, 31, 'Quia sequi non velit et.', 'Odit suscipit sit nisi voluptas. Corrupti architecto tenetur quod tempore. Molestias dolorum dolor accusantium asperiores et non.');
INSERT INTO `posts_table` (`postID`, `clubID`, `title`, `content`) VALUES (42, 67, 'Placeat quasi laboriosam omnis.', 'Doloremque minima id quis inventore velit cupiditate ut harum. Delectus debitis aliquam totam deleniti quod omnis quasi.');
INSERT INTO `posts_table` (`postID`, `clubID`, `title`, `content`) VALUES (43, 46, 'Iste ut provident aut ex perspiciatis quia.', 'Illum mollitia ea dolores omnis itaque. Aut sed cum mollitia exercitationem accusamus quis. Eligendi in voluptatem nam quisquam dignissimos temporibus. Illo blanditiis facere est autem. Non minima qui non et et blanditiis.');
INSERT INTO `posts_table` (`postID`, `clubID`, `title`, `content`) VALUES (44, 7, 'Esse aperiam nisi autem excepturi.', 'Sit necessitatibus doloribus sint nam. Veritatis explicabo fugiat totam nihil. Corrupti quia similique ea sit aspernatur eius. Asperiores qui doloremque consectetur cum voluptatum omnis.');
INSERT INTO `posts_table` (`postID`, `clubID`, `title`, `content`) VALUES (45, 40, 'Dicta quod aspernatur dolorem voluptatem odit.', 'Ut reiciendis maxime maiores laudantium ut laboriosam. Et quaerat deleniti aut voluptas aut enim in. Numquam distinctio excepturi autem cum.');
INSERT INTO `posts_table` (`postID`, `clubID`, `title`, `content`) VALUES (46, 35, 'Molestiae qui sint numquam quidem amet odit dolor.', 'Aperiam et provident omnis repellendus deleniti ad incidunt. Iusto mollitia labore iste fugit. Est qui quis qui atque error. Ex dolore voluptate reprehenderit eum.');
INSERT INTO `posts_table` (`postID`, `clubID`, `title`, `content`) VALUES (47, 43, 'Ipsam quis nam aut quo qui velit.', 'Et sed est quo quas unde autem nobis occaecati. Ut sint perspiciatis officia deserunt rerum facere eius incidunt. Laboriosam et non velit repellendus.');
INSERT INTO `posts_table` (`postID`, `clubID`, `title`, `content`) VALUES (48, 66, 'Ratione recusandae earum iusto eius.', 'Aut fugiat quia ut ex doloribus alias. Consequatur et provident earum at debitis ab. At facilis atque sint harum quaerat nihil voluptates.');
INSERT INTO `posts_table` (`postID`, `clubID`, `title`, `content`) VALUES (49, 80, 'Rem dolores adipisci accusamus.', 'Esse temporibus distinctio rerum earum dolores aperiam in. Eveniet magnam explicabo harum dolores quia nihil. Sunt et quaerat temporibus debitis.');
INSERT INTO `posts_table` (`postID`, `clubID`, `title`, `content`) VALUES (50, 9, 'Non ipsa veritatis veritatis et expedita.', 'Rerum eum velit ipsum. Omnis quae eum quia voluptatem ipsam ut dignissimos. Repudiandae vel architecto natus ab et sunt.');
INSERT INTO `posts_table` (`postID`, `clubID`, `title`, `content`) VALUES (51, 62, 'Expedita earum omnis delectus repudiandae voluptat', 'Et non distinctio expedita neque nostrum. Ipsam excepturi voluptatem ab. Deleniti deleniti sit autem quia dolorum hic nostrum.');
INSERT INTO `posts_table` (`postID`, `clubID`, `title`, `content`) VALUES (52, 49, 'Nihil repellat beatae dolorum fugiat ab dolore ut.', 'Architecto aut impedit mollitia alias quisquam similique magnam. Perspiciatis omnis quaerat voluptatem rem excepturi architecto est non. Et sit numquam nam. Et earum molestiae fugit mollitia fugiat ex et cumque.');
INSERT INTO `posts_table` (`postID`, `clubID`, `title`, `content`) VALUES (53, 83, 'Assumenda culpa sapiente perspiciatis rerum mollit', 'Eos sit quia pariatur optio quos fugiat repellendus. Fuga delectus ipsum consequatur pariatur. Placeat consequatur sunt assumenda placeat aut laboriosam recusandae. Enim aut ea non.');
INSERT INTO `posts_table` (`postID`, `clubID`, `title`, `content`) VALUES (54, 44, 'Nisi nesciunt numquam architecto repudiandae.', 'Suscipit alias quidem fugit. Nihil laboriosam natus amet sunt odio nesciunt aut. Quod molestiae sunt et excepturi quo exercitationem et. Id aspernatur numquam molestias.');
INSERT INTO `posts_table` (`postID`, `clubID`, `title`, `content`) VALUES (55, 22, 'Voluptate voluptatem laudantium nostrum esse.', 'Molestiae modi quia cupiditate dignissimos ullam qui enim. Neque illo velit non repellendus. Dolores laborum unde ea autem repellendus. Tempore accusantium voluptas eos sit illum.');
INSERT INTO `posts_table` (`postID`, `clubID`, `title`, `content`) VALUES (56, 74, 'Voluptatem quos deserunt distinctio aspernatur.', 'Illum cupiditate amet voluptatum praesentium id placeat. Labore aliquam delectus earum qui. Eos architecto dolore quod enim expedita. Sapiente molestiae voluptatem molestiae modi error officia iusto.');
INSERT INTO `posts_table` (`postID`, `clubID`, `title`, `content`) VALUES (57, 74, 'Dignissimos quam impedit eius quo distinctio bland', 'Eligendi enim sit et qui dolorem tempora iusto quis. Ut nostrum nemo eum et nihil sint architecto. Expedita sed et hic. Esse commodi molestiae excepturi sed maiores.');
INSERT INTO `posts_table` (`postID`, `clubID`, `title`, `content`) VALUES (58, 9, 'Quas est voluptatem rerum perspiciatis rerum aperi', 'Consectetur eos nam tenetur molestiae voluptates alias in. Magni quibusdam recusandae excepturi sit odit rem amet.');
INSERT INTO `posts_table` (`postID`, `clubID`, `title`, `content`) VALUES (59, 55, 'Animi quasi omnis laboriosam quia reiciendis.', 'Nihil qui eos ut nemo. Culpa non perspiciatis error. Sed reiciendis dolores voluptatem sed vero maiores unde.');
INSERT INTO `posts_table` (`postID`, `clubID`, `title`, `content`) VALUES (60, 23, 'Et autem magni accusantium et sed.', 'Natus maxime et est explicabo corporis qui. Qui qui ex reiciendis voluptatibus consequatur a sed. In laudantium omnis nulla aut facilis in. Sed culpa est dolorem explicabo omnis iure corrupti.');
INSERT INTO `posts_table` (`postID`, `clubID`, `title`, `content`) VALUES (61, 61, 'Et ducimus sunt ratione qui.', 'Eos in asperiores aut illum necessitatibus. Perspiciatis non ad consequatur dignissimos. Soluta sed ut unde quia accusamus. Est quaerat blanditiis sunt veniam.');
INSERT INTO `posts_table` (`postID`, `clubID`, `title`, `content`) VALUES (62, 18, 'Culpa dolores ratione consequatur aperiam omnis qu', 'Molestias aut omnis amet sequi. Ut et rerum aspernatur blanditiis repellendus velit consectetur. Veritatis aliquam quo nostrum nemo animi quam. Accusamus occaecati adipisci veniam repellat.');
INSERT INTO `posts_table` (`postID`, `clubID`, `title`, `content`) VALUES (63, 49, 'Facilis provident nihil soluta beatae temporibus q', 'Libero tempore fugiat perspiciatis in. Dolorum voluptas accusantium deleniti qui harum nihil. Voluptatem et aut ullam alias a. Porro id distinctio vel.');
INSERT INTO `posts_table` (`postID`, `clubID`, `title`, `content`) VALUES (64, 69, 'Eveniet voluptas mollitia soluta temporibus enim q', 'Nihil sit id aut odio. Autem similique voluptates sapiente ut. Quia ullam velit qui non ipsum ipsa ipsam. Et harum quaerat architecto. Aliquid nobis sit voluptates qui.');
INSERT INTO `posts_table` (`postID`, `clubID`, `title`, `content`) VALUES (65, 70, 'Ea dolore nam sunt.', 'Ullam tempora quaerat ea quis numquam sint voluptates. Voluptas sit ut placeat esse. Voluptate corporis nostrum excepturi.');
INSERT INTO `posts_table` (`postID`, `clubID`, `title`, `content`) VALUES (66, 49, 'Nihil quas ex quas corporis occaecati doloremque b', 'Sit sequi nihil veniam dolorum voluptatibus debitis at. Et illum optio nam. Ut minima earum cupiditate. Qui dolores quae aut voluptas est ratione.');
INSERT INTO `posts_table` (`postID`, `clubID`, `title`, `content`) VALUES (67, 70, 'Dolorum quam inventore provident qui enim enim.', 'Omnis et sunt nemo minima blanditiis. Eos accusamus qui dolore illo tempore delectus odit et. Tempore reprehenderit vel totam culpa. Et rerum sed porro inventore natus et numquam.');
INSERT INTO `posts_table` (`postID`, `clubID`, `title`, `content`) VALUES (68, 88, 'Atque vitae esse tempore est sed.', 'Ut voluptatem assumenda harum amet qui. Debitis qui veniam iure voluptate ea. Reiciendis sit reprehenderit molestias necessitatibus soluta. Eveniet molestias quibusdam repellat consectetur voluptatem consequatur.');
INSERT INTO `posts_table` (`postID`, `clubID`, `title`, `content`) VALUES (69, 34, 'Dolores et id voluptas ullam possimus.', 'Corporis cumque incidunt est soluta nemo dolor voluptatem. Dolores suscipit enim cumque amet. Voluptas quia sit in autem illum. Laboriosam praesentium placeat cupiditate quisquam ducimus voluptatem. Hic voluptas at nemo aut placeat cupiditate.');
INSERT INTO `posts_table` (`postID`, `clubID`, `title`, `content`) VALUES (70, 5, 'Repellat dolores fugiat possimus deleniti sapiente', 'Odit libero tempora dicta facilis. Quis dolor repellendus corrupti ipsam eos voluptates. Maxime quia impedit sit ullam nisi quos commodi.');
INSERT INTO `posts_table` (`postID`, `clubID`, `title`, `content`) VALUES (71, 99, 'Error enim qui et fuga dolores ea laborum nulla.', 'Qui dolor natus facere omnis voluptas fuga. Sint pariatur corporis libero magni. Eum iure dolor sunt eum praesentium odio ab.');
INSERT INTO `posts_table` (`postID`, `clubID`, `title`, `content`) VALUES (72, 71, 'Et voluptas molestiae debitis exercitationem et ma', 'Impedit eius laudantium magni non dolorem. Vero quo sunt corrupti ratione. Cupiditate qui ut doloremque sunt explicabo aperiam eos. Sapiente quae a in et occaecati.');
INSERT INTO `posts_table` (`postID`, `clubID`, `title`, `content`) VALUES (73, 33, 'Est eligendi aut fuga dolor.', 'Quas voluptatum quam sunt tenetur deleniti. Mollitia sit sit magnam fugit aspernatur et. Qui corporis soluta minus voluptatibus minima. Dolores impedit eos nihil inventore non facilis. Officiis id qui quisquam deleniti quasi quod quod.');
INSERT INTO `posts_table` (`postID`, `clubID`, `title`, `content`) VALUES (74, 6, 'Dignissimos et id asperiores qui sed quia.', 'Dolorem assumenda eveniet culpa est voluptatem. At ad ut sit suscipit mollitia cum quis rerum. Minima molestiae voluptas officia. Odit voluptatem voluptas quis sed.');
INSERT INTO `posts_table` (`postID`, `clubID`, `title`, `content`) VALUES (75, 12, 'Eos odio molestias accusantium.', 'Modi maiores ullam ex sed voluptatem sit quam ut. Illum debitis similique rerum dolore unde. Qui nulla totam magni libero voluptas aut qui dolores.');
INSERT INTO `posts_table` (`postID`, `clubID`, `title`, `content`) VALUES (76, 81, 'Maxime vitae ipsa officiis sapiente veniam neque.', 'Odio voluptatem error repellat animi odio sed eius delectus. Occaecati repudiandae accusamus voluptatem repudiandae. Officiis quam qui est eos accusantium.');
INSERT INTO `posts_table` (`postID`, `clubID`, `title`, `content`) VALUES (77, 99, 'Veniam soluta velit nulla quisquam.', 'Esse voluptatem quisquam unde facilis ut eius. Rem in eum rerum quasi a maxime molestias. Nesciunt earum dolor sit nihil et est architecto atque. Et soluta et nihil inventore quia.');
INSERT INTO `posts_table` (`postID`, `clubID`, `title`, `content`) VALUES (78, 65, 'Vel aut quia fuga architecto.', 'Voluptatem rerum minus officia dignissimos. Inventore eos similique similique. Tempore nostrum rerum omnis fugit qui quam vitae. Dolores et optio earum occaecati. Qui sit odio asperiores deleniti et debitis omnis.');
INSERT INTO `posts_table` (`postID`, `clubID`, `title`, `content`) VALUES (79, 46, 'Exercitationem iste porro hic quia asperiores quo.', 'Odio sunt minus aliquid doloremque eos. Aliquam quisquam rerum et ex.');
INSERT INTO `posts_table` (`postID`, `clubID`, `title`, `content`) VALUES (80, 82, 'Molestiae molestiae voluptatibus ut magni sint est', 'Non perferendis vero tempora. Reiciendis eum nihil rerum magnam voluptate.');
INSERT INTO `posts_table` (`postID`, `clubID`, `title`, `content`) VALUES (81, 56, 'Est et modi qui esse.', 'Id eum sed aut mollitia libero molestias aliquam sint. Nemo ea qui perferendis est voluptas quos.');
INSERT INTO `posts_table` (`postID`, `clubID`, `title`, `content`) VALUES (82, 61, 'Dignissimos cupiditate odio ex perspiciatis enim.', 'Nesciunt at repellendus voluptatibus dolor cumque voluptatem ut. Ut est neque odio quia aut sunt architecto. Vitae sit officia blanditiis. Dolores nobis optio iste architecto.');
INSERT INTO `posts_table` (`postID`, `clubID`, `title`, `content`) VALUES (83, 2, 'Repudiandae voluptatem amet expedita molestiae.', 'Voluptatem rerum architecto vel vel quas odio. Et sint placeat qui consequatur harum dolores exercitationem eveniet. Eum hic modi facilis velit dicta distinctio. A labore fugit vel maxime nemo velit aut iste.');
INSERT INTO `posts_table` (`postID`, `clubID`, `title`, `content`) VALUES (84, 100, 'Ipsum ipsa eius dolorem dignissimos nulla et.', 'Quia consequuntur aut quia dolorem aut placeat aut dolores. Et et inventore consequatur consectetur omnis animi. Dolor et id cupiditate optio natus. Eos est cumque voluptas nam error ut exercitationem.');
INSERT INTO `posts_table` (`postID`, `clubID`, `title`, `content`) VALUES (85, 47, 'Itaque quisquam omnis est inventore quia aut eos.', 'Omnis dolorum ea maiores rerum et. Ex placeat voluptate dolore commodi esse. Voluptatum animi quas possimus aut saepe. Et saepe nihil tenetur eum.');
INSERT INTO `posts_table` (`postID`, `clubID`, `title`, `content`) VALUES (86, 59, 'Laborum id exercitationem dolorem quia nihil qui e', 'Dolorem sunt sit labore saepe porro. Aut provident repellat ipsa dolore quia in maiores omnis. A quos quia quis est at vel omnis veniam.');
INSERT INTO `posts_table` (`postID`, `clubID`, `title`, `content`) VALUES (87, 39, 'Pariatur autem quibusdam unde rerum.', 'Voluptatum vitae impedit odio. Suscipit sed at quo. Ipsa aut ullam deleniti corrupti. Totam nihil molestiae voluptatem consequatur.');
INSERT INTO `posts_table` (`postID`, `clubID`, `title`, `content`) VALUES (88, 24, 'Et laborum non quisquam suscipit quia officia aut.', 'Esse voluptates delectus magnam sint ut dolor. Animi beatae non sed ab ad molestias soluta. Ratione vero inventore accusantium asperiores natus deleniti. Et explicabo impedit reprehenderit explicabo.');
INSERT INTO `posts_table` (`postID`, `clubID`, `title`, `content`) VALUES (89, 97, 'Voluptatem dignissimos distinctio magni at at maxi', 'Excepturi dolor commodi esse suscipit. Voluptatem et rerum et dolores.');
INSERT INTO `posts_table` (`postID`, `clubID`, `title`, `content`) VALUES (90, 2, 'Consequatur consectetur et voluptas debitis necess', 'Qui sint quam ut asperiores quidem vel et. Est voluptas atque pariatur natus aliquam. Corrupti illum ratione officiis saepe aut quae.');
INSERT INTO `posts_table` (`postID`, `clubID`, `title`, `content`) VALUES (91, 8, 'Accusamus officia et aspernatur quae voluptas et e', 'Cupiditate illum nostrum quas qui ut. Ipsam dicta minus alias blanditiis asperiores voluptatem. Esse porro omnis harum aperiam.');
INSERT INTO `posts_table` (`postID`, `clubID`, `title`, `content`) VALUES (92, 21, 'Voluptatem nostrum similique et iusto laborum susc', 'Ea consequatur quae distinctio est. Incidunt placeat eligendi in nesciunt qui fugiat. Molestiae ut exercitationem pariatur voluptas et asperiores error. Porro ratione cumque in occaecati consequatur eius.');
INSERT INTO `posts_table` (`postID`, `clubID`, `title`, `content`) VALUES (93, 2, 'Occaecati dignissimos ullam veniam delectus illo.', 'Deserunt similique exercitationem dignissimos libero odio repellat iste. Et doloribus illo accusamus aut eius voluptatem.');
INSERT INTO `posts_table` (`postID`, `clubID`, `title`, `content`) VALUES (94, 33, 'Voluptate nobis odio est corrupti nisi cum.', 'Quo et nesciunt eaque et sequi modi iste itaque. Debitis dolorem sapiente dolor dolorem expedita voluptatibus. Voluptatem molestiae repellendus consectetur. Nobis quos quasi totam voluptatibus sint et quisquam recusandae.');
INSERT INTO `posts_table` (`postID`, `clubID`, `title`, `content`) VALUES (95, 72, 'Omnis nam quod id qui vel nam et culpa.', 'Voluptatem dolores quos ex et ut reiciendis omnis. Sint culpa doloremque itaque ut. Qui quisquam qui animi est blanditiis deserunt. Aut eos et accusamus repudiandae earum. Perferendis voluptates ipsa aut iusto aut et.');
INSERT INTO `posts_table` (`postID`, `clubID`, `title`, `content`) VALUES (96, 32, 'Velit quia voluptas et in aut vel ipsum minima.', 'Sequi est doloremque magni rerum. Nulla beatae perspiciatis tempora nemo assumenda dolores exercitationem. Porro vitae nesciunt accusamus quis consectetur nisi. Vel mollitia sit sit quasi est consequatur. Praesentium soluta impedit nobis.');
INSERT INTO `posts_table` (`postID`, `clubID`, `title`, `content`) VALUES (97, 32, 'Eos suscipit nulla omnis doloribus.', 'Enim itaque eos molestiae placeat. Et ut quasi ducimus. Sed velit dolorem nam tenetur accusamus. Perferendis incidunt quis eum unde impedit est et. Et esse laborum aut eligendi.');
INSERT INTO `posts_table` (`postID`, `clubID`, `title`, `content`) VALUES (98, 7, 'Pariatur consequatur eaque mollitia debitis hic qu', 'Possimus culpa consequatur nesciunt deserunt ut ut. Reprehenderit est nulla dolore consequatur est et cupiditate. Dolorum esse quo doloribus ad voluptatem et veritatis.');
INSERT INTO `posts_table` (`postID`, `clubID`, `title`, `content`) VALUES (99, 24, 'Ab dolorem non alias exercitationem rerum quo nece', 'Atque maiores atque quis inventore. Dolores quo illo sit dolor recusandae ut. Ab nesciunt aut voluptatem cupiditate nisi quos. Praesentium assumenda quisquam quo suscipit.');
INSERT INTO `posts_table` (`postID`, `clubID`, `title`, `content`) VALUES (100, 91, 'Corrupti aut et eaque molestias quia eum fuga.', 'Voluptates doloribus repellat recusandae aperiam debitis iusto pariatur. Voluptas sunt distinctio pariatur distinctio molestiae sunt ipsam. Incidunt aut necessitatibus velit iure.');


#
# TABLE STRUCTURE FOR: user_table
#

DROP TABLE IF EXISTS `user_table`;

CREATE TABLE `user_table` (
  `userID` int(11) NOT NULL AUTO_INCREMENT,
  `username` varchar(30) COLLATE utf8mb4_unicode_ci NOT NULL,
  `password` varchar(100) COLLATE utf8mb4_unicode_ci NOT NULL,
  `realname` varchar(40) COLLATE utf8mb4_unicode_ci NOT NULL,
  `email` varchar(30) COLLATE utf8mb4_unicode_ci NOT NULL,
  `userPhoto` text COLLATE utf8mb4_unicode_ci NOT NULL,
  `bio` text COLLATE utf8mb4_unicode_ci NOT NULL,
  `siteAdmin` tinyint(1) NOT NULL DEFAULT 0,
  PRIMARY KEY (`userID`)
) ENGINE=InnoDB AUTO_INCREMENT=101 DEFAULT CHARSET=utf8mb4 COLLATE=utf8mb4_unicode_ci;

INSERT INTO `user_table` (`userID`, `username`, `password`, `realname`, `email`, `userPhoto`, `bio`, `siteAdmin`) VALUES (1, 'eliza.kertzmann', 'e2b09a386b2a594bd6438597f565b1ca5db687d3', 'Prof. Oleta Harvey MD', 'reichert.helene@example.net', '', '', 0);
INSERT INTO `user_table` (`userID`, `username`, `password`, `realname`, `email`, `userPhoto`, `bio`, `siteAdmin`) VALUES (2, 'akessler', '0a80f1b1abe4e745c4d2ea7bc86c1de935892d1d', 'Barry Hermiston', 'lonnie41@example.com', '/243da091bc869b0c75ee832a6e813a71.jpg', '', 0);
INSERT INTO `user_table` (`userID`, `username`, `password`, `realname`, `email`, `userPhoto`, `bio`, `siteAdmin`) VALUES (3, 'abner01', '0cc7cab57e241f0dbc054a837204d6b7d4bcbb36', 'Keeley Graham', 'andreanne52@example.com', '/503ef7ab90c5e95470aef5f9b0288761.jpg', 'Optio ea dolor esse sit omnis tenetur tempora. Ullam asperiores quo inventore aut eos in. Accusantium suscipit et veniam et.', 0);
INSERT INTO `user_table` (`userID`, `username`, `password`, `realname`, `email`, `userPhoto`, `bio`, `siteAdmin`) VALUES (4, 'emetz', '6536eb0950528d956b837b85afac82d783adb118', 'Dr. Dean Cole', 'juwan84@example.com', '/ed7e60d01405c4c56b7329a0b82aa652.jpg', '', 0);
INSERT INTO `user_table` (`userID`, `username`, `password`, `realname`, `email`, `userPhoto`, `bio`, `siteAdmin`) VALUES (5, 'hmayert', 'b3bfc2b85dc2fda1546b4787b6acc488c8155100', 'Arely Lind', 'una.kunze@example.com', '', 'Qui eos fuga ratione libero unde. Dolor commodi fuga molestiae repellendus nesciunt odit quia.', 0);
INSERT INTO `user_table` (`userID`, `username`, `password`, `realname`, `email`, `userPhoto`, `bio`, `siteAdmin`) VALUES (6, 'dmurphy', 'be62359fa9d6d3ffecaa88937c4cc40d65348730', 'Rozella Dietrich', 'alva.kris@example.org', '', 'Maiores iusto corrupti inventore esse. Nihil placeat illum odio odio doloremque sit. Quaerat et et voluptates. Totam saepe est ad cumque consequatur consequatur harum.', 0);
INSERT INTO `user_table` (`userID`, `username`, `password`, `realname`, `email`, `userPhoto`, `bio`, `siteAdmin`) VALUES (7, 'joy19', '624e899c641bbbd2b168b9590fa0d391499a6580', 'Dr. Reva Weissnat MD', 'jacinthe.frami@example.org', '', 'Ipsam illo quasi repellat et porro nihil voluptatum quia. Est qui aut vero enim exercitationem. Aliquam impedit atque sint. Sit est nobis sit adipisci vero sint.', 0);
INSERT INTO `user_table` (`userID`, `username`, `password`, `realname`, `email`, `userPhoto`, `bio`, `siteAdmin`) VALUES (8, 'johanna41', '6471c9151a280ba7bb3382c581c9ea28f7f52b0f', 'Mr. Raven Bashirian', 'kiley.dibbert@example.org', '/80a89e9c20a7d81ef651c012a4167bbf.jpg', '', 0);
INSERT INTO `user_table` (`userID`, `username`, `password`, `realname`, `email`, `userPhoto`, `bio`, `siteAdmin`) VALUES (9, 'elissa70', '56e2fa5637b6d847e5b1de3d5ee089d0364e1b73', 'Mrs. Sonia Thompson IV', 'hamill.dax@example.com', '', '', 0);
INSERT INTO `user_table` (`userID`, `username`, `password`, `realname`, `email`, `userPhoto`, `bio`, `siteAdmin`) VALUES (10, 'alexandre.zboncak', '9a6d6e167b52cf7980fb8b5853fef36182eeaa9f', 'Francis Batz', 'qabbott@example.org', '', '', 0);
INSERT INTO `user_table` (`userID`, `username`, `password`, `realname`, `email`, `userPhoto`, `bio`, `siteAdmin`) VALUES (11, 'tito16', 'd1df8e4e15f566d94153cec5cfcb88c5923cbc4e', 'Mr. Trent Kuvalis', 'jarvis.kerluke@example.com', '', '', 0);
INSERT INTO `user_table` (`userID`, `username`, `password`, `realname`, `email`, `userPhoto`, `bio`, `siteAdmin`) VALUES (12, 'theo16', 'e74bb8e5e6a8e13a6e9d471b742491463310f7af', 'Ola Abernathy', 'homenick.natasha@example.net', '/7a11050f0793d91eb61d627a2db370b0.jpg', 'Sunt officiis doloremque facilis laboriosam est quas. Perspiciatis ullam quidem est quos. Voluptas quisquam reprehenderit quaerat sunt quibusdam eum quo.', 0);
INSERT INTO `user_table` (`userID`, `username`, `password`, `realname`, `email`, `userPhoto`, `bio`, `siteAdmin`) VALUES (13, 'raul80', 'a4399d471dac1ff906dfdc8cb6123dbc2f503819', 'Bailey Harvey I', 'mskiles@example.com', '', '', 0);
INSERT INTO `user_table` (`userID`, `username`, `password`, `realname`, `email`, `userPhoto`, `bio`, `siteAdmin`) VALUES (14, 'qhalvorson', '1d55987dc57a491f7e1c3f41362017f1e5c65972', 'Pedro Spinka IV', 'julio35@example.org', '/643efacfbb96df9b5875b539def4d6ef.jpg', 'Est dolores laudantium nam ut. Ut porro reprehenderit quisquam est non libero et. Ex deserunt voluptas sed qui aliquid enim. Unde sequi laborum ea ratione.', 0);
INSERT INTO `user_table` (`userID`, `username`, `password`, `realname`, `email`, `userPhoto`, `bio`, `siteAdmin`) VALUES (15, 'maryjane.batz', 'c47823b1058a5814c8b41bc1e6aefdbdcb38733f', 'Meta Marvin', 'reta56@example.org', '', '', 0);
INSERT INTO `user_table` (`userID`, `username`, `password`, `realname`, `email`, `userPhoto`, `bio`, `siteAdmin`) VALUES (16, 'jordy23', 'ef841ce1ee8844e31074f943fc812506c94c1853', 'Dorian Gerhold', 'russ30@example.org', '', '', 0);
INSERT INTO `user_table` (`userID`, `username`, `password`, `realname`, `email`, `userPhoto`, `bio`, `siteAdmin`) VALUES (17, 'stroman.davon', 'b302e94360c1102438e56bf920c264985c37674b', 'Elissa Lebsack', 'oswaldo.osinski@example.com', '', 'Nobis quos veniam aspernatur qui beatae officia. Ea aperiam dignissimos aspernatur minima quis ut maiores. Laudantium aliquam veritatis officiis culpa eos.', 0);
INSERT INTO `user_table` (`userID`, `username`, `password`, `realname`, `email`, `userPhoto`, `bio`, `siteAdmin`) VALUES (18, 'brando.tromp', '52061c87dd1ff482042c9790c24b26ff0c3c8cbd', 'Vada Roob', 'jakubowski.beaulah@example.org', '/b0d62534d7a06eb04f2b5cfdf8daa2f1.jpg', 'Maiores commodi fugit dolores illo delectus similique. Possimus qui est ea dolorem est voluptatem. Sit aliquam nulla qui porro sed.', 0);
INSERT INTO `user_table` (`userID`, `username`, `password`, `realname`, `email`, `userPhoto`, `bio`, `siteAdmin`) VALUES (19, 'bparker', '5d52c384fa17fd824cb1b31c8b1f46e870f70daf', 'Dale Bosco', 'coy.hammes@example.com', '', 'Et nihil voluptate voluptatem totam ipsum voluptas et recusandae. Ratione facilis voluptatum ut. Laudantium natus blanditiis odio doloremque adipisci magni et. Est et quia voluptas esse aperiam.', 0);
INSERT INTO `user_table` (`userID`, `username`, `password`, `realname`, `email`, `userPhoto`, `bio`, `siteAdmin`) VALUES (20, 'aglae07', '080cef8afc47dd55e2d956bb493be4b1e81f591c', 'Shaniya Franecki', 'lshields@example.com', '', 'Fugit autem accusamus aut ipsa reprehenderit et ex. Sed magnam praesentium sit quia. Et illum ea architecto esse est alias. Natus voluptatem est enim error.', 0);
INSERT INTO `user_table` (`userID`, `username`, `password`, `realname`, `email`, `userPhoto`, `bio`, `siteAdmin`) VALUES (21, 'hhermiston', '81abd88d9be7cf41177d72352c68eb21117ec5de', 'Doris Bergnaum', 'tracey63@example.com', '', '', 0);
INSERT INTO `user_table` (`userID`, `username`, `password`, `realname`, `email`, `userPhoto`, `bio`, `siteAdmin`) VALUES (22, 'green33', '6a316fb3190f13e80f93c6118eccd678fb932370', 'Tyrel McKenzie', 'meda.casper@example.com', '', '', 0);
INSERT INTO `user_table` (`userID`, `username`, `password`, `realname`, `email`, `userPhoto`, `bio`, `siteAdmin`) VALUES (23, 'morris.rau', '551ebeb829c6037095ca75987f34da350cc189df', 'Enoch Pfeffer', 'kuhlman.lyric@example.com', '/e09cbb866ae6d98fb904aa6b3218a734.jpg', 'Et consequatur aut aut repudiandae ea ab rerum nulla. Voluptas quis rerum aut mollitia ipsam. Voluptatem dolor necessitatibus doloremque omnis ut. Et quia enim culpa quidem voluptatem nesciunt.', 0);
INSERT INTO `user_table` (`userID`, `username`, `password`, `realname`, `email`, `userPhoto`, `bio`, `siteAdmin`) VALUES (24, 'powlowski.dewitt', 'a68bf3023fba21c9732bcf36dedacf4c00ae60fe', 'Vivian Hodkiewicz', 'xdietrich@example.com', '', 'Nam dicta est enim minima dolor doloribus. Fuga quidem iure sit explicabo. Suscipit esse asperiores voluptatem expedita et. Qui dolore ut sit aut possimus.', 0);
INSERT INTO `user_table` (`userID`, `username`, `password`, `realname`, `email`, `userPhoto`, `bio`, `siteAdmin`) VALUES (25, 'velva06', '1b6f9c846112dce4066e86dff56929936019cb25', 'Elinore Kiehn II', 'walter.lorine@example.net', '/4a344045058946c36a118c8149e3c441.jpg', 'In deserunt veritatis accusamus et est fuga. Qui ut quae voluptates vero rerum. Consequuntur qui quaerat eius eos. Laudantium fugit pariatur facilis magnam.', 0);
INSERT INTO `user_table` (`userID`, `username`, `password`, `realname`, `email`, `userPhoto`, `bio`, `siteAdmin`) VALUES (26, 'aleen.bailey', 'e683c15ccae6b9722edf6b2ad11b8c49459ba54d', 'Mervin Schimmel', 'albertha54@example.org', '/0db08d588374242492f5961583f247a7.jpg', '', 0);
INSERT INTO `user_table` (`userID`, `username`, `password`, `realname`, `email`, `userPhoto`, `bio`, `siteAdmin`) VALUES (27, 'xhane', '212402c2f59be23d7cada312db20352b24c1aff8', 'Miss Cora Bartoletti', 'jolson@example.org', '', '', 0);
INSERT INTO `user_table` (`userID`, `username`, `password`, `realname`, `email`, `userPhoto`, `bio`, `siteAdmin`) VALUES (28, 'ngrimes', 'd671c372968f7f7c849d91c1f7b669c44085751a', 'Miss Lia Gibson Sr.', 'kaylie.nitzsche@example.org', '/a4890def3f9d50f192c02bda5702f9d4.jpg', '', 0);
INSERT INTO `user_table` (`userID`, `username`, `password`, `realname`, `email`, `userPhoto`, `bio`, `siteAdmin`) VALUES (29, 'imacejkovic', 'cbe213ae76a91e15e3fc285fd6f89cdf03a0f392', 'Larue Johnson', 'tyler.bosco@example.net', '', '', 0);
INSERT INTO `user_table` (`userID`, `username`, `password`, `realname`, `email`, `userPhoto`, `bio`, `siteAdmin`) VALUES (30, 'jtremblay', '54bda281000142e54b92c6d1809f90ee7fe1a3b8', 'Zola Runolfsdottir', 'vito.lakin@example.com', '/6818a3cb47aa22ede742e9d473dac095.jpg', 'Rerum eveniet ducimus hic saepe officiis. Repellendus omnis neque commodi illum. Non omnis a quis itaque. Voluptatem aut quibusdam quaerat harum voluptatem.', 0);
INSERT INTO `user_table` (`userID`, `username`, `password`, `realname`, `email`, `userPhoto`, `bio`, `siteAdmin`) VALUES (31, 'clynch', 'fd2074ab10b166ea70a76372eef7e70022a95a43', 'Fred Rowe', 'hills.modesta@example.net', '/ad3e03a27db5d6f1f066b87b85ef9ad8.jpg', 'Sed placeat consequatur quaerat aut sint id. Quisquam et sed tempora laboriosam ipsam. Tempore molestiae consequatur non.', 0);
INSERT INTO `user_table` (`userID`, `username`, `password`, `realname`, `email`, `userPhoto`, `bio`, `siteAdmin`) VALUES (32, 'mafalda.fay', '7c2bdf0f7006674c8f8086244f74b1590c73b1f5', 'Jaron Hyatt', 'frida37@example.com', '', 'Pariatur ex est aut. Animi quas voluptates repudiandae velit commodi culpa. Hic placeat quasi est voluptatibus beatae.', 0);
INSERT INTO `user_table` (`userID`, `username`, `password`, `realname`, `email`, `userPhoto`, `bio`, `siteAdmin`) VALUES (33, 'luna25', '90b65cb483ade7067949387a0c1294a83e9e9847', 'Leora Harber', 'wisoky.nayeli@example.com', '', '', 0);
INSERT INTO `user_table` (`userID`, `username`, `password`, `realname`, `email`, `userPhoto`, `bio`, `siteAdmin`) VALUES (34, 'ftillman', '19819e94ec54ab585244994c16d371d20ace3ee0', 'Dr. Salvatore Hessel Jr.', 'eemmerich@example.com', '', 'Suscipit est et amet similique beatae distinctio. Qui velit nesciunt et nihil asperiores unde. Iusto occaecati voluptates velit magni.', 0);
INSERT INTO `user_table` (`userID`, `username`, `password`, `realname`, `email`, `userPhoto`, `bio`, `siteAdmin`) VALUES (35, 'collins.ashton', 'a60f92a2f8af2aa8316f1752390f4ebf4766e0ba', 'Chadrick Renner', 'mia.balistreri@example.net', '/e81cd7b15207c865da8df4868ff8bdbe.jpg', '', 0);
INSERT INTO `user_table` (`userID`, `username`, `password`, `realname`, `email`, `userPhoto`, `bio`, `siteAdmin`) VALUES (36, 'tkirlin', '02be2f6f11d57968c0d86565cc30c6ab14a681f7', 'Rosalinda Koepp', 'deangelo.brekke@example.org', '/72cc5d947a06925dc6bbfac186e88ee6.jpg', '', 0);
INSERT INTO `user_table` (`userID`, `username`, `password`, `realname`, `email`, `userPhoto`, `bio`, `siteAdmin`) VALUES (37, 'upton.harold', '301227466a04aecc603659e4a5d464e2740953e3', 'Micah Nitzsche', 'walker86@example.org', '/50ab36ac46cd29df501c77961244272c.jpg', 'Omnis est quo non officiis ipsum. Adipisci enim aspernatur est molestiae. Quasi molestiae asperiores aperiam et. Voluptatem sit fuga unde maxime.', 0);
INSERT INTO `user_table` (`userID`, `username`, `password`, `realname`, `email`, `userPhoto`, `bio`, `siteAdmin`) VALUES (38, 'bonita26', 'f6a979faccf31b16b96dbacf0cce100b1150e6e4', 'Miss Hollie Bechtelar', 'dhickle@example.com', '/53c2644a9dbad05d98c761fbb723ab6e.jpg', '', 0);
INSERT INTO `user_table` (`userID`, `username`, `password`, `realname`, `email`, `userPhoto`, `bio`, `siteAdmin`) VALUES (39, 'cremin.salvador', '2380ef2dd69def788b0da9d1cab1cad09620589f', 'Rachel Abshire', 'kevon.sipes@example.org', '', 'Omnis tempore assumenda sequi. Vel debitis omnis autem rem tempora voluptatibus nobis accusamus. Vel veritatis consequuntur sit unde.', 0);
INSERT INTO `user_table` (`userID`, `username`, `password`, `realname`, `email`, `userPhoto`, `bio`, `siteAdmin`) VALUES (40, 'jena10', 'e465151d033265374008b3861c3abc86a0e766dc', 'Naomie Rohan', 'eladio55@example.org', '/01432487a2cb2432b5cd21b159b3f8c4.jpg', '', 0);
INSERT INTO `user_table` (`userID`, `username`, `password`, `realname`, `email`, `userPhoto`, `bio`, `siteAdmin`) VALUES (41, 'walter.ilene', '6f7cf204469150f243a6264758a929fbe3c1da69', 'Oscar Jakubowski', 'lila78@example.com', '', '', 0);
INSERT INTO `user_table` (`userID`, `username`, `password`, `realname`, `email`, `userPhoto`, `bio`, `siteAdmin`) VALUES (42, 'bailey.marge', 'c100d85de809eb94af5d12e80175013781e817e0', 'Diego Johns', 'xchamplin@example.net', '', 'Illum non et mollitia non. Reiciendis est ducimus vel aut fuga. Voluptatum non quia rem voluptas rerum vero. Architecto recusandae quo totam ut nihil deserunt consequatur.', 0);
INSERT INTO `user_table` (`userID`, `username`, `password`, `realname`, `email`, `userPhoto`, `bio`, `siteAdmin`) VALUES (43, 'antonio07', '288b3ab67b4c114c0f98ed522e1f3911170b33fc', 'Reginald Bernier', 'montana.hessel@example.net', '/ac84ce9f8af94227ddddf1002be9f7bb.jpg', 'Sed dolor inventore placeat et commodi vel natus est. Ratione nam ut ea occaecati. Asperiores corrupti quo ex non id quia saepe deleniti.', 0);
INSERT INTO `user_table` (`userID`, `username`, `password`, `realname`, `email`, `userPhoto`, `bio`, `siteAdmin`) VALUES (44, 'trinity87', 'a7b2e83829bb9d14acf15babc38123e5443f131e', 'Mr. Gavin Nolan', 'gerhard78@example.net', '/2b4b7f10a67ccaef8a3833b9c44dbe1b.jpg', '', 0);
INSERT INTO `user_table` (`userID`, `username`, `password`, `realname`, `email`, `userPhoto`, `bio`, `siteAdmin`) VALUES (45, 'jast.ocie', '1fca7c6f51f1d9af242ea2c0bdbe2485d52bfe80', 'Emely O\'Kon', 'broderick81@example.com', '/7b0a23f5f30c9e4438cfd3f682688318.jpg', 'Excepturi minus recusandae voluptates enim voluptas iusto. Unde expedita consequatur tempore velit.', 0);
INSERT INTO `user_table` (`userID`, `username`, `password`, `realname`, `email`, `userPhoto`, `bio`, `siteAdmin`) VALUES (46, 'meghan09', '6d76b1369d2279825952faa4c70a9adc0a5d5cb7', 'Miss Wava Leuschke II', 'larkin.una@example.org', '/8d3a288b236e2e225d85b89c8490a004.jpg', 'Hic sequi labore enim quaerat. Et eos ea illo ex. Ex reprehenderit et a harum libero tenetur error ut. Excepturi esse sint iusto repudiandae est fuga. Provident voluptates aut reiciendis qui.', 0);
INSERT INTO `user_table` (`userID`, `username`, `password`, `realname`, `email`, `userPhoto`, `bio`, `siteAdmin`) VALUES (47, 'uwyman', '2ce2aae3accd15af767c117ed1caf84d9b12190e', 'Dr. Carmen Luettgen', 'jaiden.fisher@example.com', '/09aba9c652ab7976e14739a78e5926e1.jpg', '', 0);
INSERT INTO `user_table` (`userID`, `username`, `password`, `realname`, `email`, `userPhoto`, `bio`, `siteAdmin`) VALUES (48, 'ghegmann', '8f0c9f99a2730a7ccbb5e5ec8ec551768836e1a5', 'Mrs. Karen Stokes Sr.', 'tgaylord@example.org', '', 'Distinctio voluptatem dolorem asperiores totam tenetur ipsa molestiae illum. Neque corporis et et quos laboriosam deleniti.', 0);
INSERT INTO `user_table` (`userID`, `username`, `password`, `realname`, `email`, `userPhoto`, `bio`, `siteAdmin`) VALUES (49, 'deckow.mariam', 'f89f585b985eaa7e0bb648a217d6b086aa09c840', 'Miss Tamia Stanton IV', 'jermey24@example.org', '', '', 0);
INSERT INTO `user_table` (`userID`, `username`, `password`, `realname`, `email`, `userPhoto`, `bio`, `siteAdmin`) VALUES (50, 'sipes.fidel', '2b5fd67a5e0c9f66836a53be8a0b80826d5e822a', 'Major Barton', 'uo\'conner@example.net', '', '', 0);
INSERT INTO `user_table` (`userID`, `username`, `password`, `realname`, `email`, `userPhoto`, `bio`, `siteAdmin`) VALUES (51, 'nwuckert', 'ca9a1dd1e3d56ddea839eac021b729428f8c715f', 'Janick Hilll Jr.', 'breana.thompson@example.com', '/ae905eb5302570c02ffc6078ac3a9fc7.jpg', 'Quibusdam nemo odio laudantium non quos nisi fuga. Amet voluptatum consequuntur ut incidunt. Voluptas molestiae non reiciendis quae iste delectus. Odio enim ratione corrupti dolores nihil vel.', 0);
INSERT INTO `user_table` (`userID`, `username`, `password`, `realname`, `email`, `userPhoto`, `bio`, `siteAdmin`) VALUES (52, 'rwuckert', '45d9c6b1ab8f25aba943e99f0746747dcb60aaca', 'Prof. Sallie Emard', 'krystina.dubuque@example.org', '', '', 0);
INSERT INTO `user_table` (`userID`, `username`, `password`, `realname`, `email`, `userPhoto`, `bio`, `siteAdmin`) VALUES (53, 'macey78', 'ab6b5ce0d0c999007adebc9b43eb2e401deff950', 'Miss Krystel Purdy III', 'henri.d\'amore@example.org', '', '', 0);
INSERT INTO `user_table` (`userID`, `username`, `password`, `realname`, `email`, `userPhoto`, `bio`, `siteAdmin`) VALUES (54, 'hheidenreich', '36a1fb52b90b66e016c5b789aa9309cb7bf4f8de', 'Prof. Rossie Hermann II', 'kuphal.merl@example.org', '/856239540692addb7af7b34d1317639b.jpg', 'Et soluta atque vitae cumque quam. Quia neque magnam veritatis facilis id molestiae vero. Quas aliquam officia dolorem.', 0);
INSERT INTO `user_table` (`userID`, `username`, `password`, `realname`, `email`, `userPhoto`, `bio`, `siteAdmin`) VALUES (55, 'remington.cole', 'f98d14e5fe699b4a8c94cdafdbfe949665568317', 'Merlin Ratke', 'elliot.mitchell@example.net', '/d6204d900153bf1855207409d0bcf964.jpg', '', 0);
INSERT INTO `user_table` (`userID`, `username`, `password`, `realname`, `email`, `userPhoto`, `bio`, `siteAdmin`) VALUES (56, 'shakira.hermann', 'b6d1078f81aaccad4ccdb5d580a9e0966566d84f', 'Name Dibbert', 'norwood.crist@example.org', '', 'Voluptas nihil exercitationem at veritatis autem. Dolorum aut itaque dolorem aut molestiae. Blanditiis voluptas ipsa officiis et vel.', 0);
INSERT INTO `user_table` (`userID`, `username`, `password`, `realname`, `email`, `userPhoto`, `bio`, `siteAdmin`) VALUES (57, 'murphy.daisha', '31e9a4bb8b5ed5eb678f8b94931fdbaeb5dcb76d', 'Royce Brakus III', 'xrogahn@example.net', '/b5f5e4e4f197d154aca8c833e13b599f.jpg', '', 0);
INSERT INTO `user_table` (`userID`, `username`, `password`, `realname`, `email`, `userPhoto`, `bio`, `siteAdmin`) VALUES (58, 'darian.braun', '9a20a681a0afbaecf5abe09587302858c7c67f10', 'Hazle O\'Conner', 'kiana12@example.net', '/662607a78fa74e4395d21b434951eb54.jpg', 'Et quaerat itaque possimus qui dignissimos dignissimos. Qui blanditiis numquam voluptates aliquam alias. Unde eius modi odio. Minima iusto porro aspernatur labore voluptatem totam qui.', 0);
INSERT INTO `user_table` (`userID`, `username`, `password`, `realname`, `email`, `userPhoto`, `bio`, `siteAdmin`) VALUES (59, 'reyes.bednar', '653afdd51e9219115c00c79c387312478fd683aa', 'Ms. Eda Padberg DVM', 'dibbert.brennon@example.com', '', 'Deleniti error blanditiis dolor iure. Expedita quod quae ea consectetur perferendis quisquam illo impedit. Qui illum accusantium sed. Itaque atque maxime debitis sunt voluptate.', 0);
INSERT INTO `user_table` (`userID`, `username`, `password`, `realname`, `email`, `userPhoto`, `bio`, `siteAdmin`) VALUES (60, 'juanita.thiel', '0d9f5744e8093e9373e1cf8c53682cc3fb5bdfbe', 'Kassandra Weissnat IV', 'hahn.janie@example.com', '', '', 0);
INSERT INTO `user_table` (`userID`, `username`, `password`, `realname`, `email`, `userPhoto`, `bio`, `siteAdmin`) VALUES (61, 'fkiehn', '9e8f5075db45f49707046be055d1e5e8f299d243', 'June Emard', 'aliyah43@example.net', '', 'Dicta sunt et at cumque id. Qui velit consequatur incidunt officia praesentium et. Dolorem omnis dolore beatae magnam molestiae. Perferendis maiores porro illo accusamus ratione.', 0);
INSERT INTO `user_table` (`userID`, `username`, `password`, `realname`, `email`, `userPhoto`, `bio`, `siteAdmin`) VALUES (62, 'vmetz', 'ae1d4be4c5a45be1d969a0b6e3eae862b3c2ea29', 'Caterina Davis', 'kautzer.emmy@example.com', '/10925b9e6a8df419ff9efbeb8f8c80fe.jpg', 'Perferendis aut at iste. Et quaerat autem temporibus et ad et. Quos magni laboriosam ducimus.', 0);
INSERT INTO `user_table` (`userID`, `username`, `password`, `realname`, `email`, `userPhoto`, `bio`, `siteAdmin`) VALUES (63, 'nveum', '75dfddd490f1c8b1747e2020d327e94a7dd6e4cb', 'Lewis Wiegand', 'kub.eleazar@example.org', '/deb28f5210782ca1df6ddcfd3147e636.jpg', 'Perferendis id pariatur ducimus architecto aspernatur similique iure excepturi. Quod quod quisquam quas molestias rerum. Velit omnis omnis maxime. Earum qui similique voluptate odit consequatur non.', 0);
INSERT INTO `user_table` (`userID`, `username`, `password`, `realname`, `email`, `userPhoto`, `bio`, `siteAdmin`) VALUES (64, 'kaycee78', '70d3004c24c2a9d2210c785e97880cd9fc3656a5', 'Prof. Kory Dibbert', 'ltoy@example.org', '/fe3b483ec6a3cc0d358f3e6bdb9b7b04.jpg', '', 0);
INSERT INTO `user_table` (`userID`, `username`, `password`, `realname`, `email`, `userPhoto`, `bio`, `siteAdmin`) VALUES (65, 'emilie.doyle', '8e3a8dd6a9875fe6327b2a21d82e9b4166bc2ca4', 'Brent Bashirian', 'murray44@example.org', '/1a032d7b5ce8e52024da000c58a21c41.jpg', 'Temporibus laudantium quia iste. Est est commodi veniam fugit eveniet omnis ut. Et minus enim nostrum dolor a quis sed.', 0);
INSERT INTO `user_table` (`userID`, `username`, `password`, `realname`, `email`, `userPhoto`, `bio`, `siteAdmin`) VALUES (66, 'charlene28', 'bcb639e21e34f30b727bdcd9f3cf4e96fa026262', 'Ava Beier', 'eusebio34@example.com', '', '', 0);
INSERT INTO `user_table` (`userID`, `username`, `password`, `realname`, `email`, `userPhoto`, `bio`, `siteAdmin`) VALUES (67, 'hermiston.teagan', 'f4b3d2b33a7729f2497a5e8953471fae07cd3671', 'Rachael Labadie', 'carmela.halvorson@example.org', '', '', 0);
INSERT INTO `user_table` (`userID`, `username`, `password`, `realname`, `email`, `userPhoto`, `bio`, `siteAdmin`) VALUES (68, 'rutherford.broderick', 'c531b10e84748778120a5e07708cfe2b1d5cb5f1', 'Dagmar Green', 'alphonso.hermiston@example.com', '/b93dc23555c4a7ee7efa617479361998.jpg', '', 0);
INSERT INTO `user_table` (`userID`, `username`, `password`, `realname`, `email`, `userPhoto`, `bio`, `siteAdmin`) VALUES (69, 'hansen.curtis', '7a2156c5482d931be43afdf427f9fe5e94421c27', 'Zackery Wisozk', 'orval04@example.com', '/66c73d329d34c4d68da6b40c68a3f799.jpg', 'Nobis reprehenderit deleniti ut quisquam explicabo nemo eum. Nemo reprehenderit et voluptate est est aut molestiae. Reiciendis in ipsa omnis ut excepturi id.', 0);
INSERT INTO `user_table` (`userID`, `username`, `password`, `realname`, `email`, `userPhoto`, `bio`, `siteAdmin`) VALUES (70, 'zulauf.janessa', 'fb0b9a242da432566d433a3ac2e9e7f4f96f267f', 'Prof. Eileen Hartmann', 'abigayle.feil@example.net', '', '', 0);
INSERT INTO `user_table` (`userID`, `username`, `password`, `realname`, `email`, `userPhoto`, `bio`, `siteAdmin`) VALUES (71, 'mwillms', '8bb31c5bc9ceb697ee934f8dc681a26b22ac1544', 'Cecile Stamm Jr.', 'gregorio.kohler@example.com', '/c47ea84d8fb729692ac08caa262a9259.jpg', '', 0);
INSERT INTO `user_table` (`userID`, `username`, `password`, `realname`, `email`, `userPhoto`, `bio`, `siteAdmin`) VALUES (72, 'mike76', '8b6a9b8a9e11f4010a9a7e408099b519377d5abb', 'Helen Kuvalis', 'lisette.marquardt@example.net', '/550f00ae899e7a20ea51463dff0696d7.jpg', 'Sed et et vel voluptatem ducimus soluta. Nobis illo sit id dolorem. Et tempora fugiat nihil et architecto. Sunt sint minima pariatur et.', 0);
INSERT INTO `user_table` (`userID`, `username`, `password`, `realname`, `email`, `userPhoto`, `bio`, `siteAdmin`) VALUES (73, 'darrick.labadie', '504efa21ae63375cabc46b1e4c1c5dc60d57fd40', 'Toby Schaefer', 'gerlach.bernita@example.com', '/2503fa24c8defc435649b748456ff3dd.jpg', 'Possimus eveniet error dolore autem eligendi. Non saepe facilis rerum. Non tempore assumenda ea assumenda esse impedit sit.', 0);
INSERT INTO `user_table` (`userID`, `username`, `password`, `realname`, `email`, `userPhoto`, `bio`, `siteAdmin`) VALUES (74, 'solon58', 'fdf21ad3ba1796cfb5ba7d285bf38aee1ee0444b', 'Jedediah Eichmann', 'destinee24@example.org', '', '', 0);
INSERT INTO `user_table` (`userID`, `username`, `password`, `realname`, `email`, `userPhoto`, `bio`, `siteAdmin`) VALUES (75, 'agrimes', '1927a0b5a576cee255308f2a911833c4a7a46ed2', 'Belle Sporer', 'little.mathilde@example.org', '/79ffdaec9e13684e9a095d6349aaa57f.jpg', '', 0);
INSERT INTO `user_table` (`userID`, `username`, `password`, `realname`, `email`, `userPhoto`, `bio`, `siteAdmin`) VALUES (76, 'collins.shemar', 'fcebaaa304a9e38eb7fa3e546a865cc3429b9526', 'Cyril Murray', 'reginald.wuckert@example.net', '/49077d0fa280cc7df60a32c24ed7f384.jpg', '', 0);
INSERT INTO `user_table` (`userID`, `username`, `password`, `realname`, `email`, `userPhoto`, `bio`, `siteAdmin`) VALUES (77, 'ugleichner', 'ab7bc8ff88c3df4bd53a35ecbcb45a7027442356', 'River Huel', 'jessy.moore@example.org', '/34ced0b50c87a8361f5fcd4652fd1982.jpg', '', 0);
INSERT INTO `user_table` (`userID`, `username`, `password`, `realname`, `email`, `userPhoto`, `bio`, `siteAdmin`) VALUES (78, 'dblick', 'cc05a4b19e8665913fda2c3e4dc63e01fb49d5a6', 'Mrs. Audra Dooley', 'irwin92@example.org', '/33fb9d048d65a6abb71062ccd132108e.jpg', 'Laborum eos aspernatur magnam exercitationem laboriosam quam. Illum et et deleniti tenetur architecto. Omnis consequatur inventore officiis architecto cupiditate sed assumenda.', 0);
INSERT INTO `user_table` (`userID`, `username`, `password`, `realname`, `email`, `userPhoto`, `bio`, `siteAdmin`) VALUES (79, 'tierra34', 'a5155fbd94b826310b220ec3a33c077c241f1a0b', 'Chad Goodwin', 'brando18@example.net', '', '', 0);
INSERT INTO `user_table` (`userID`, `username`, `password`, `realname`, `email`, `userPhoto`, `bio`, `siteAdmin`) VALUES (80, 'xyundt', 'd60b63da0b90497d7d559d44475d20a90e62501f', 'Mr. Rolando Brakus II', 'wwest@example.org', '/a3e336898168d773a275416308d1d89d.jpg', 'Voluptas est quia odit. Aut consectetur non animi dolor impedit. Fuga aut sunt omnis est nihil qui ab.', 0);
INSERT INTO `user_table` (`userID`, `username`, `password`, `realname`, `email`, `userPhoto`, `bio`, `siteAdmin`) VALUES (81, 'pierre07', '0f4b03c2a5ad94a542a8aab5ba0b5c87e04320cd', 'Mckenna Kemmer', 'alvina.reilly@example.org', '/451f91a0fd34dc114d8713b7414be9a2.jpg', '', 0);
INSERT INTO `user_table` (`userID`, `username`, `password`, `realname`, `email`, `userPhoto`, `bio`, `siteAdmin`) VALUES (82, 'lemke.crystel', '3bdef3f6989bc75492848ffaefbc0c2a4abff245', 'Prof. Ruben Ondricka', 'celestine.waelchi@example.net', '', '', 0);
INSERT INTO `user_table` (`userID`, `username`, `password`, `realname`, `email`, `userPhoto`, `bio`, `siteAdmin`) VALUES (83, 'jayson.o\'kon', '5d3eba314635fe7970c022caed762f0e07e9a198', 'Jeff Block', 'carey.vandervort@example.com', '/cf78e8b5596a544763d3bca08f5988cc.jpg', '', 0);
INSERT INTO `user_table` (`userID`, `username`, `password`, `realname`, `email`, `userPhoto`, `bio`, `siteAdmin`) VALUES (84, 'asia46', '84a4eb7c0bd0287b5737d3b7a115ebbbefd9a0df', 'Domenick Koch', 'funk.raheem@example.net', '/237fd117158b82549bf54b1438985667.jpg', 'Voluptatem ut maiores consequuntur qui maxime quam. Voluptatibus animi sit asperiores temporibus. Ab sed nesciunt sit est et at.', 0);
INSERT INTO `user_table` (`userID`, `username`, `password`, `realname`, `email`, `userPhoto`, `bio`, `siteAdmin`) VALUES (85, 'modesto.bogan', '2ac3823544d40057dcd686ce1cc06cdd1483f53b', 'Mr. Devonte West', 'haley.blake@example.com', '', 'Perspiciatis dolorem recusandae eveniet veniam architecto maxime. Accusantium ea illo incidunt error exercitationem eos qui. Veritatis consequuntur quo nihil ea esse occaecati.', 0);
INSERT INTO `user_table` (`userID`, `username`, `password`, `realname`, `email`, `userPhoto`, `bio`, `siteAdmin`) VALUES (86, 'esmeralda75', '360177f3daafc95128f50e912cd364a98d8c4356', 'Luigi Ernser Jr.', 'lamont.lowe@example.com', '/c893fa20076a8ab275ed54969d094987.jpg', 'Fugiat dignissimos culpa dolor ut maiores natus. Corporis delectus velit dolores sint. Quisquam itaque et iusto aut praesentium repellat.', 0);
INSERT INTO `user_table` (`userID`, `username`, `password`, `realname`, `email`, `userPhoto`, `bio`, `siteAdmin`) VALUES (87, 'ckreiger', '43c98d971bd2945b8de344fbd8a2329bb743cc73', 'Montana Koelpin', 'mcclure.cayla@example.net', '/0a46880a56c7abd86e130b0fba43340f.jpg', '', 0);
INSERT INTO `user_table` (`userID`, `username`, `password`, `realname`, `email`, `userPhoto`, `bio`, `siteAdmin`) VALUES (88, 'heller.aylin', '39a700f52bcd86eb661fed4902a401a7f6d59d43', 'Jettie Prosacco Jr.', 'bernhard.mateo@example.org', '/9bb2ced8de63fa73cd037e3e17a7c392.jpg', 'Et velit ipsum sint aliquam ab blanditiis vel. In velit totam dolor vel non adipisci est. Sit sunt non sint recusandae iure tempore maxime unde.', 0);
INSERT INTO `user_table` (`userID`, `username`, `password`, `realname`, `email`, `userPhoto`, `bio`, `siteAdmin`) VALUES (89, 'xlarson', '147e6dd8ff13c3ec65a406e26aae2f26084a2bf9', 'Morton Klocko', 'schuster.guillermo@example.org', '/72c6f82cdad7b4f05216b445eab80be4.jpg', '', 0);
INSERT INTO `user_table` (`userID`, `username`, `password`, `realname`, `email`, `userPhoto`, `bio`, `siteAdmin`) VALUES (90, 'cheathcote', '6b72735508df73e1787e52848e8b0f471889ae67', 'Doris Barton', 'cory04@example.org', '/e6676f9a97656f173268e8a9e6f9e6c0.jpg', '', 0);
INSERT INTO `user_table` (`userID`, `username`, `password`, `realname`, `email`, `userPhoto`, `bio`, `siteAdmin`) VALUES (91, 'misty.windler', 'b2d90b65bfc4eb5f24d0c468b7fc4f3dd9604009', 'Ora Luettgen', 'weissnat.kelsi@example.org', '/54dbc64313bf5e706ba74263a88cc801.jpg', '', 0);
INSERT INTO `user_table` (`userID`, `username`, `password`, `realname`, `email`, `userPhoto`, `bio`, `siteAdmin`) VALUES (92, 'malachi50', '866fa25ce8890d6d9ab54bafedfd43b06743fce3', 'Lauriane Raynor', 'lcorkery@example.com', '', '', 0);
INSERT INTO `user_table` (`userID`, `username`, `password`, `realname`, `email`, `userPhoto`, `bio`, `siteAdmin`) VALUES (93, 'wkuvalis', 'ff25bc6d024534cda2ed72048f6557fbc4f221ae', 'Sarina McLaughlin', 'donato.goldner@example.org', '/dc254a1ff0c01f0f6f7549b34804193d.jpg', '', 0);
INSERT INTO `user_table` (`userID`, `username`, `password`, `realname`, `email`, `userPhoto`, `bio`, `siteAdmin`) VALUES (94, 'bauch.brandyn', 'e09d035866457fc152f51ed9112ba51303511baa', 'Judah Treutel Jr.', 'edwin.douglas@example.net', '/0ea1547b3af173e89c816024e2b81119.jpg', '', 0);
INSERT INTO `user_table` (`userID`, `username`, `password`, `realname`, `email`, `userPhoto`, `bio`, `siteAdmin`) VALUES (95, 'jeremy56', '9b1f38966ad7c9a2645fd085fecb227265643b47', 'Brenden Swaniawski', 'destini40@example.com', '/265fd0e98b707bfd84f04bc5340987ee.jpg', '', 0);
INSERT INTO `user_table` (`userID`, `username`, `password`, `realname`, `email`, `userPhoto`, `bio`, `siteAdmin`) VALUES (96, 'kcummerata', '3c90ceb1fc0aea7996f2238ef35ca06f458ab453', 'Ms. Christine Gutmann MD', 'rlegros@example.com', '/bc09053d1b0df9a8a5eed9afb53c7337.jpg', '', 0);
INSERT INTO `user_table` (`userID`, `username`, `password`, `realname`, `email`, `userPhoto`, `bio`, `siteAdmin`) VALUES (97, 'cruickshank.bruce', '521a111fad933ffca384e7d149e5db5fdbc613b7', 'Mrs. Kirsten Kessler', 'wryan@example.net', '/e10818934da5f315747804f81b85b4a8.jpg', '', 0);
INSERT INTO `user_table` (`userID`, `username`, `password`, `realname`, `email`, `userPhoto`, `bio`, `siteAdmin`) VALUES (98, 'damien89', '640503bf5e4dbf01bf1a6898d2a9a49b4eca0389', 'Loy Olson V', 'elenor68@example.com', '/1a4284b06288e5872a14ba41decf2010.jpg', 'Deserunt perferendis magnam quibusdam commodi. Tempora repellendus soluta est dolores quidem quae.', 0);
INSERT INTO `user_table` (`userID`, `username`, `password`, `realname`, `email`, `userPhoto`, `bio`, `siteAdmin`) VALUES (99, 'xjacobs', '5bf9ff7b6573ad94979119152acbb9fad3383831', 'Dr. Jermey Cartwright II', 'hintz.randall@example.org', '', 'Pariatur aut ipsum molestiae dolore praesentium deserunt. Molestiae et vel fugit pariatur. Omnis itaque voluptatem itaque laboriosam quibusdam. Sit enim quis voluptatem molestias esse.', 0);
INSERT INTO `user_table` (`userID`, `username`, `password`, `realname`, `email`, `userPhoto`, `bio`, `siteAdmin`) VALUES (100, 'marietta49', '1cd7b7ad4606f22582b4f832880ec6ff2df3a989', 'Roxanne Hammes', 'fthompson@example.net', '', 'Sint qui et consequatur. Voluptas tempore magnam quidem temporibus quo nulla. Consectetur perferendis modi dolorum ut. Ut earum fugit aperiam magni enim neque eum.', 0);


